0 0.361370 0.993500 0.361203 0.993750 0.361203 0.995500 0.361037 0.995750 0.361037 0.996250 0.360871 0.996500 0.361037 0.996750 0.361037 0.997750 0.360871 0.998000 0.361037 0.998250 0.360871 0.998500 0.360871 0.998750 0.360372 0.999500 0.360372 0.999750 0.361203 0.999750 0.361536 0.999250 0.361536 0.998500 0.361702 0.998250 0.361868 0.998250 0.362201 0.998750 0.362201 0.999000 0.362367 0.999250 0.362367 0.999750 0.363032 0.999750 0.363032 0.999500 0.362866 0.999250 0.362866 0.998750 0.362699 0.998500 0.362699 0.998250 0.362533 0.998000 0.362533 0.997250 0.362367 0.997000 0.362367 0.996750 0.362201 0.996500 0.362201 0.994000 0.361868 0.993500
0 0.883311 0.999500 0.883644 0.999750 0.885638 0.999750 0.885805 0.999500 0.886303 0.999500 0.886968 0.999000 0.888132 0.998750 0.889129 0.998000 0.890957 0.998000 0.891124 0.997750 0.891622 0.997750 0.891789 0.997500 0.892952 0.997250 0.893118 0.997000 0.894116 0.997000 0.894781 0.997500 0.896110 0.997500 0.896277 0.997250 0.897440 0.998000 0.899102 0.998000 0.899767 0.998500 0.900100 0.998250 0.900765 0.998250 0.900931 0.998500 0.901430 0.998500 0.902094 0.999250 0.902926 0.999250 0.903424 0.998750 0.903258 0.998500 0.903258 0.998000 0.903424 0.997750 0.903923 0.997750 0.904089 0.997500 0.904089 0.997000 0.903424 0.996500 0.902261 0.995000 0.900931 0.994000 0.898936 0.994000 0.898770 0.993750 0.895778 0.993750 0.895612 0.993500 0.894448 0.993500 0.893783 0.993000 0.892453 0.993000 0.891789 0.993500 0.891290 0.993500 0.890791 0.994000 0.890126 0.994000 0.888132 0.995500 0.886802 0.995750 0.886636 0.996000 0.885805 0.996000 0.885306 0.996500 0.884973 0.996500 0.883644 0.998250 0.883311 0.999000
0 0.879820 0.989000 0.879488 0.988500 0.879488 0.988000 0.879156 0.987500 0.877161 0.987500 0.876496 0.988000 0.875000 0.988000 0.874501 0.988500 0.873836 0.988500 0.872839 0.989250 0.872507 0.989250 0.872340 0.989500 0.871842 0.989500 0.871343 0.990000 0.870013 0.990500 0.869515 0.991000 0.869016 0.991000 0.868850 0.991250 0.868019 0.991500 0.867520 0.992000 0.867021 0.992000 0.866855 0.992250 0.866523 0.992250 0.866356 0.992500 0.866024 0.992500 0.865193 0.993250 0.865525 0.993750 0.865525 0.994250 0.864528 0.995500 0.864362 0.995500 0.864195 0.996000 0.863531 0.996250 0.863198 0.996750 0.863198 0.997500 0.863364 0.997750 0.864029 0.997750 0.864195 0.998000 0.865027 0.997750 0.865359 0.997500 0.865525 0.997000 0.865858 0.996750 0.866356 0.995750 0.866689 0.995750 0.867188 0.995000 0.867686 0.995000 0.867852 0.994750 0.868185 0.994750 0.869016 0.993750 0.869681 0.993250 0.870180 0.993250 0.870844 0.992750 0.871509 0.992750 0.872174 0.992250 0.872839 0.992250 0.873504 0.991750 0.874501 0.991750 0.875000 0.991250 0.875997 0.991250 0.876164 0.991000 0.876496 0.991000 0.876662 0.990750 0.876995 0.990750 0.877161 0.990500 0.877493 0.990500 0.877992 0.990000 0.878491 0.990000 0.878657 0.989750 0.879654 0.989750 0.879820 0.989500
0 0.884973 0.990000 0.885140 0.990250 0.885306 0.990250 0.885638 0.990750 0.888132 0.990750 0.888298 0.990500 0.888464 0.990500 0.888630 0.990250 0.889129 0.990250 0.889295 0.990000 0.889628 0.990000 0.889794 0.989750 0.890293 0.989750 0.890459 0.989500 0.892287 0.989500 0.892453 0.989250 0.892620 0.989250 0.892786 0.989000 0.892952 0.989000 0.893285 0.988500 0.893285 0.988250 0.893118 0.988000 0.892952 0.988000 0.892786 0.987750 0.892786 0.987250 0.892620 0.987000 0.892453 0.987000 0.892287 0.986750 0.892121 0.986750 0.891955 0.986500 0.885638 0.986500 0.885472 0.986750 0.885306 0.986750 0.885306 0.987750 0.885638 0.988250 0.885638 0.989000 0.885472 0.989250 0.885306 0.989250 0.884973 0.989750
0 0.892952 0.986000 0.893285 0.986750 0.894614 0.987000 0.895279 0.988250 0.895944 0.988750 0.896775 0.990000 0.898936 0.991750 0.899767 0.992000 0.900432 0.993000 0.901762 0.993750 0.903258 0.995500 0.905086 0.996250 0.906250 0.997250 0.907081 0.997500 0.907746 0.998250 0.908245 0.998250 0.909242 0.999000 0.909741 0.999000 0.911237 0.999750 0.912566 0.999750 0.913398 0.998000 0.914229 0.998500 0.915060 0.998500 0.915725 0.999000 0.917055 0.999000 0.917719 0.998500 0.917387 0.997500 0.916390 0.996750 0.916223 0.996000 0.914229 0.993500 0.912899 0.992500 0.911735 0.992000 0.910572 0.991000 0.908577 0.990000 0.907912 0.990000 0.906749 0.989250 0.906084 0.989250 0.904588 0.988500 0.903092 0.988250 0.900100 0.986500 0.898438 0.986250 0.896775 0.984750 0.895778 0.984750 0.895113 0.985500 0.893118 0.985500
0 0.123338 0.981250 0.122673 0.981250 0.122507 0.981500 0.122174 0.981500 0.122008 0.981750 0.122008 0.983750 0.121842 0.984000 0.121842 0.984250 0.121676 0.984500 0.121676 0.985000 0.121509 0.985250 0.121509 0.986250 0.121177 0.986750 0.121177 0.987250 0.120678 0.988000 0.120512 0.988000 0.120512 0.990000 0.120346 0.990250 0.120346 0.991000 0.120180 0.991250 0.120180 0.992250 0.120013 0.992500 0.120013 0.993500 0.120346 0.994000 0.120346 0.994500 0.120512 0.994750 0.120512 0.995250 0.120844 0.995750 0.121676 0.995750 0.122008 0.995250 0.122008 0.994750 0.122174 0.994500 0.122174 0.993750 0.122340 0.993500 0.122340 0.992000 0.122673 0.991500 0.122673 0.990500 0.123005 0.990000 0.123005 0.987750 0.123338 0.987000 0.123338 0.985500 0.123670 0.985000 0.123670 0.983750 0.123836 0.983500 0.123836 0.982000 0.123670 0.981750 0.123670 0.981500 0.123504 0.981500
0 0.026263 0.980000 0.025598 0.979500 0.024601 0.979500 0.024102 0.980000 0.023770 0.979750 0.022606 0.979750 0.022440 0.980000 0.021775 0.980000 0.021609 0.980250 0.021277 0.980250 0.021110 0.980500 0.020445 0.980750 0.019614 0.982000 0.019282 0.983000 0.017952 0.985250 0.017952 0.985500 0.017453 0.986250 0.017453 0.986500 0.016955 0.987250 0.016456 0.988500 0.015625 0.989750 0.015459 0.990250 0.015791 0.990750 0.015625 0.991250 0.014295 0.993250 0.014295 0.993500 0.012633 0.996000 0.012467 0.996000 0.011968 0.996750 0.011636 0.997750 0.012301 0.998500 0.012965 0.998500 0.013132 0.998250 0.013797 0.998000 0.013963 0.997500 0.014628 0.996500 0.014794 0.996500 0.015791 0.995000 0.015957 0.994500 0.016789 0.994000 0.017952 0.992250 0.017952 0.992000 0.018285 0.991750 0.020944 0.987750 0.022606 0.986500 0.023604 0.985000 0.024102 0.984750 0.024934 0.983000 0.024934 0.982500 0.025266 0.982000 0.025598 0.982000 0.025765 0.981750 0.025931 0.981000 0.026263 0.980500
0 0.019947 0.973750 0.019781 0.974000 0.018617 0.974000 0.017620 0.975500 0.017453 0.975500 0.017121 0.976000 0.017121 0.976250 0.015957 0.978000 0.015957 0.978500 0.015625 0.979000 0.015459 0.979750 0.014628 0.981250 0.014295 0.982250 0.013797 0.983000 0.013298 0.984500 0.012633 0.985500 0.012633 0.985750 0.011636 0.987000 0.011303 0.988250 0.010638 0.989000 0.010638 0.989500 0.010140 0.990250 0.010140 0.991000 0.009973 0.991250 0.009973 0.992500 0.009807 0.992750 0.009807 0.993250 0.009973 0.993500 0.010306 0.993500 0.010472 0.993750 0.011303 0.993750 0.011469 0.993500 0.012134 0.993500 0.012467 0.993250 0.012799 0.992250 0.013132 0.991750 0.013298 0.991750 0.013464 0.991250 0.013963 0.990500 0.014129 0.989750 0.015126 0.988250 0.015293 0.988250 0.015293 0.988000 0.015957 0.987000 0.016290 0.986000 0.016955 0.985000 0.016955 0.984500 0.017287 0.983750 0.017287 0.982750 0.017620 0.982250 0.017620 0.981750 0.017952 0.981250 0.018285 0.980250 0.018285 0.979750 0.018783 0.978250 0.019282 0.977500 0.019448 0.976750 0.020445 0.974750 0.020445 0.974250
0 0.142121 0.964250 0.141290 0.964000 0.141124 0.964250 0.140625 0.964500 0.140459 0.964750 0.140459 0.965250 0.139960 0.966000 0.138797 0.966000 0.138630 0.966250 0.138464 0.966250 0.138132 0.967000 0.138132 0.967500 0.137965 0.967750 0.137965 0.968000 0.137799 0.968250 0.136802 0.968250 0.136636 0.968500 0.136469 0.968500 0.136469 0.968750 0.136303 0.969000 0.136303 0.969500 0.135971 0.970000 0.135805 0.970000 0.135306 0.971000 0.135306 0.971250 0.135140 0.971500 0.135140 0.978500 0.134973 0.978750 0.134973 0.983500 0.135140 0.983750 0.135140 0.984000 0.135306 0.984000 0.135472 0.984250 0.136303 0.984250 0.136802 0.983750 0.136802 0.983000 0.136968 0.982750 0.137965 0.982750 0.138132 0.982500 0.138298 0.982500 0.138298 0.982250 0.138464 0.982000 0.138464 0.980750 0.138963 0.979750 0.138963 0.978500 0.139129 0.978250 0.139129 0.978000 0.139295 0.977750 0.139295 0.977250 0.139461 0.977000 0.139461 0.976000 0.139794 0.975500 0.139794 0.974250 0.139960 0.974000 0.139960 0.973750 0.140126 0.973500 0.140126 0.973000 0.140293 0.972750 0.140459 0.971000 0.140957 0.969750 0.140957 0.968750 0.141124 0.968500 0.141124 0.968250 0.141290 0.968000 0.141290 0.967500 0.141622 0.967000 0.141622 0.966750 0.142287 0.966000 0.142287 0.964500
0 0.116190 0.956000 0.116190 0.961750 0.115858 0.962500 0.115858 0.965000 0.116024 0.965250 0.116024 0.966000 0.116190 0.966250 0.116190 0.967250 0.116356 0.967500 0.116356 0.968750 0.116523 0.969000 0.116689 0.970250 0.117021 0.971000 0.117021 0.972750 0.117354 0.973500 0.117354 0.975000 0.118019 0.977000 0.118185 0.977000 0.118517 0.977500 0.118850 0.978500 0.119182 0.978750 0.119681 0.978250 0.120013 0.978250 0.120512 0.978750 0.121177 0.978750 0.121343 0.978500 0.121343 0.978000 0.122008 0.977000 0.122008 0.975000 0.121676 0.974500 0.121676 0.972500 0.121177 0.971750 0.121343 0.971500 0.121343 0.970500 0.121177 0.970250 0.121343 0.969750 0.121011 0.969000 0.121011 0.967500 0.120512 0.966500 0.120678 0.966000 0.120013 0.964000 0.120013 0.963500 0.119348 0.962500 0.119016 0.961500 0.119016 0.961000 0.118351 0.960000 0.118351 0.959500 0.117852 0.958750 0.118019 0.958500 0.117852 0.958250 0.117686 0.957000 0.117188 0.956000
0 0.760306 0.953500 0.760140 0.953750 0.760140 0.954000 0.760306 0.954250 0.760306 0.954500 0.760638 0.955000 0.760638 0.955250 0.761137 0.956000 0.761137 0.957000 0.761303 0.957250 0.761303 0.957750 0.761469 0.958000 0.761469 0.959500 0.761802 0.960250 0.761802 0.961250 0.762134 0.962000 0.762134 0.963000 0.762301 0.963250 0.762301 0.963750 0.762467 0.964000 0.762467 0.964250 0.762633 0.964500 0.762799 0.965250 0.763298 0.965750 0.764295 0.965750 0.764628 0.966500 0.764628 0.967000 0.764960 0.967500 0.765957 0.967500 0.766124 0.967250 0.766124 0.966750 0.765957 0.966500 0.765957 0.966250 0.765791 0.966000 0.765791 0.965500 0.765625 0.965250 0.765625 0.965000 0.765459 0.964750 0.765459 0.964500 0.765126 0.963750 0.765126 0.963250 0.764794 0.962500 0.764794 0.962000 0.764628 0.961750 0.764628 0.961500 0.764461 0.961250 0.764461 0.961000 0.764129 0.960250 0.764129 0.959750 0.763963 0.959500 0.763963 0.959000 0.763797 0.958750 0.763797 0.958000 0.763464 0.957250 0.763464 0.956500 0.763298 0.956250 0.763298 0.955250 0.763132 0.955000 0.763132 0.953750 0.762633 0.953250 0.760638 0.953250 0.760472 0.953500
0 0.148770 0.943250 0.147939 0.943250 0.147440 0.943750 0.146775 0.945750 0.146775 0.946750 0.146609 0.947000 0.146609 0.947500 0.146277 0.948000 0.146277 0.948750 0.146110 0.949000 0.146110 0.949750 0.145944 0.950000 0.145944 0.950750 0.145612 0.952000 0.145279 0.952500 0.144116 0.952250 0.143783 0.952750 0.143783 0.956750 0.143617 0.957000 0.143617 0.958000 0.143451 0.958250 0.143451 0.961000 0.143285 0.961250 0.143451 0.961750 0.143451 0.963750 0.143285 0.964000 0.143285 0.965250 0.143118 0.965500 0.142952 0.967000 0.142453 0.969000 0.142786 0.970000 0.142786 0.975000 0.143118 0.975250 0.143949 0.975250 0.144614 0.974500 0.144614 0.969250 0.144781 0.969000 0.144781 0.966750 0.145113 0.965500 0.145113 0.964250 0.145279 0.964000 0.145612 0.961250 0.146110 0.959750 0.146110 0.958750 0.146443 0.958000 0.146443 0.957250 0.147108 0.954750 0.147108 0.954000 0.147939 0.950500 0.147939 0.949750 0.148105 0.949500 0.148604 0.946750 0.148936 0.946000 0.148936 0.945250 0.149269 0.944500 0.149269 0.943750
0 0.156416 0.941500 0.155585 0.942000 0.155086 0.943750 0.154754 0.949250 0.153757 0.955250 0.153590 0.959750 0.153258 0.960250 0.152094 0.969250 0.152094 0.972750 0.150598 0.980000 0.150931 0.984750 0.150598 0.985500 0.150598 0.988750 0.149767 0.995000 0.149767 0.998000 0.150432 0.999250 0.156084 0.999000 0.154588 0.997750 0.155253 0.994750 0.157081 0.990500 0.159408 0.987000 0.160904 0.982000 0.162068 0.980500 0.164727 0.974750 0.166223 0.972500 0.166888 0.969500 0.165891 0.968500 0.164561 0.968500 0.162733 0.973000 0.162234 0.972750 0.163398 0.967500 0.165891 0.960000 0.166390 0.952750 0.164727 0.949500 0.161569 0.949500 0.160239 0.945750
0 0.198637 0.929000 0.198637 0.929750 0.199136 0.930500 0.199136 0.930750 0.199302 0.930750 0.199634 0.931250 0.200964 0.931250 0.201130 0.931500 0.201130 0.931750 0.202128 0.933250 0.202294 0.933250 0.202626 0.933750 0.202626 0.934000 0.202959 0.934500 0.202959 0.935000 0.203291 0.935500 0.203291 0.936000 0.203457 0.936250 0.203790 0.936250 0.203956 0.936500 0.203956 0.936750 0.204122 0.937000 0.204122 0.937500 0.204455 0.938000 0.204455 0.938750 0.205120 0.939750 0.205785 0.939750 0.206117 0.940250 0.206283 0.940250 0.206948 0.941250 0.207114 0.941250 0.207281 0.941500 0.208444 0.941500 0.208610 0.941250 0.209109 0.941250 0.209275 0.941000 0.209441 0.941000 0.209441 0.940250 0.209774 0.939750 0.209608 0.939500 0.209441 0.939500 0.207945 0.937500 0.207945 0.937250 0.208112 0.937000 0.208610 0.937000 0.208610 0.936500 0.208112 0.935750 0.208112 0.935500 0.207613 0.934750 0.207613 0.934500 0.206948 0.933500 0.206948 0.933250 0.206616 0.932750 0.206449 0.932000 0.206117 0.931500 0.205618 0.929750 0.205286 0.929250 0.205286 0.929000 0.204953 0.928500 0.204953 0.928250 0.204455 0.927500 0.204289 0.927500 0.203125 0.926500 0.200964 0.926500 0.200465 0.927000 0.200133 0.927000 0.199967 0.927250 0.199801 0.927250
0 0.133810 0.926250 0.133477 0.926750 0.133477 0.928750 0.132979 0.929500 0.132812 0.929500 0.132646 0.929750 0.132646 0.930250 0.132979 0.930750 0.132979 0.931250 0.133145 0.931500 0.133145 0.932500 0.133311 0.932750 0.133311 0.933750 0.133477 0.934000 0.133477 0.935500 0.133976 0.936250 0.134309 0.936250 0.134973 0.937250 0.136137 0.937250 0.136303 0.937000 0.136303 0.934750 0.136469 0.934500 0.136469 0.934000 0.136303 0.933750 0.136303 0.932250 0.136137 0.932000 0.136137 0.929500 0.135971 0.929250 0.135971 0.929000 0.135805 0.929000 0.135638 0.928750 0.135306 0.928750 0.134973 0.928250 0.134973 0.926750 0.134641 0.926250
0 0.069481 0.923250 0.067154 0.922750 0.064162 0.923000 0.058344 0.928000 0.056516 0.930750 0.055519 0.931500 0.055352 0.932250 0.050864 0.938500 0.051031 0.939250 0.049867 0.940500 0.047872 0.944000 0.047207 0.946000 0.045545 0.949000 0.045213 0.950250 0.044049 0.951750 0.043384 0.954000 0.043551 0.955750 0.045213 0.955750 0.045545 0.954750 0.046543 0.954750 0.047207 0.954250 0.047872 0.954250 0.048371 0.954750 0.051197 0.954500 0.051862 0.953000 0.053690 0.951500 0.057015 0.947750 0.060505 0.943000 0.063996 0.939750 0.064328 0.939000 0.064162 0.938250 0.064661 0.937500 0.066822 0.935750 0.066988 0.934750 0.066656 0.934250 0.067819 0.932000 0.068152 0.930500 0.068983 0.929000 0.068983 0.927750 0.069648 0.927000 0.070146 0.925250 0.070146 0.924500 0.069315 0.924000
0 0.753491 0.919250 0.753324 0.919500 0.753324 0.920250 0.753657 0.921000 0.753823 0.923000 0.754156 0.923750 0.754488 0.926250 0.754987 0.927500 0.754987 0.928000 0.755485 0.929500 0.756150 0.930750 0.757314 0.934250 0.757314 0.934750 0.757646 0.935250 0.757646 0.935750 0.757979 0.936250 0.757979 0.936750 0.759142 0.939750 0.759641 0.940250 0.760140 0.940250 0.761137 0.941250 0.761137 0.941750 0.761636 0.943250 0.762134 0.947000 0.762301 0.947250 0.762467 0.949750 0.762799 0.950500 0.762799 0.951750 0.763298 0.952250 0.763797 0.952250 0.764295 0.951750 0.764295 0.950500 0.763963 0.949750 0.763963 0.948750 0.763464 0.946500 0.763464 0.945500 0.763132 0.944500 0.762965 0.942500 0.762467 0.941000 0.762301 0.941000 0.761968 0.940250 0.761968 0.939500 0.761303 0.938000 0.761137 0.936750 0.760805 0.936000 0.760472 0.935750 0.760140 0.934250 0.759641 0.933500 0.759309 0.932500 0.759142 0.931000 0.757314 0.927500 0.757148 0.926500 0.755818 0.922750 0.755485 0.920750 0.754820 0.920000 0.754654 0.919500 0.754322 0.919250
0 0.149269 0.917250 0.148271 0.917250 0.148105 0.917500 0.147939 0.917500 0.147606 0.918000 0.147606 0.918250 0.146775 0.919500 0.146775 0.920000 0.146609 0.920250 0.146609 0.920500 0.146277 0.921250 0.146277 0.921750 0.146110 0.922000 0.146110 0.922250 0.145944 0.922500 0.145944 0.922750 0.145778 0.923000 0.145778 0.923250 0.145445 0.923750 0.145445 0.924000 0.145113 0.924500 0.145113 0.924750 0.144947 0.925000 0.144947 0.925250 0.144781 0.925500 0.144781 0.925750 0.144614 0.926000 0.144614 0.926250 0.144116 0.927000 0.144116 0.927250 0.143949 0.927500 0.143949 0.927750 0.143783 0.928000 0.143617 0.928000 0.143617 0.928500 0.143451 0.928750 0.143451 0.929250 0.143285 0.929500 0.143617 0.930000 0.143783 0.930000 0.143949 0.930250 0.144448 0.930250 0.144614 0.930000 0.145113 0.930000 0.145279 0.929750 0.146110 0.929750 0.146443 0.929250 0.146443 0.929000 0.146775 0.928500 0.146775 0.927750 0.147108 0.927000 0.147108 0.926500 0.147274 0.926250 0.147274 0.926000 0.147440 0.925750 0.147440 0.925500 0.147773 0.925000 0.147773 0.924000 0.148105 0.923500 0.148105 0.923250 0.148271 0.923000 0.148271 0.922500 0.148438 0.922250 0.148438 0.922000 0.148770 0.921250 0.148770 0.920500 0.148936 0.920250 0.148936 0.919750 0.149102 0.919500 0.149102 0.919250 0.149269 0.919000 0.149269 0.918750 0.149601 0.918000 0.149601 0.917750
0 0.761469 0.907250 0.761303 0.907500 0.761137 0.907500 0.761137 0.907750 0.760971 0.908000 0.760971 0.910000 0.761303 0.910750 0.761303 0.911750 0.761469 0.912000 0.761469 0.912500 0.761636 0.912750 0.761636 0.913750 0.762134 0.915000 0.762134 0.915750 0.762301 0.916000 0.762467 0.917250 0.762799 0.918000 0.762799 0.918500 0.762965 0.918750 0.762965 0.919500 0.763298 0.920000 0.763298 0.920750 0.763630 0.921500 0.763630 0.922000 0.763797 0.922250 0.763797 0.923000 0.763963 0.923250 0.764129 0.924500 0.764461 0.925250 0.764461 0.926000 0.764960 0.926750 0.765126 0.927500 0.765625 0.928250 0.766789 0.928250 0.767121 0.927750 0.767121 0.927500 0.766789 0.926750 0.766622 0.925500 0.766789 0.925250 0.767287 0.925000 0.767453 0.924750 0.767453 0.924500 0.766955 0.923500 0.766955 0.923000 0.766789 0.922750 0.766789 0.922500 0.766622 0.922250 0.766622 0.921750 0.766290 0.921000 0.765957 0.918500 0.765791 0.918250 0.765791 0.918000 0.765625 0.918000 0.765126 0.917000 0.765126 0.916750 0.764960 0.916500 0.764960 0.916000 0.764129 0.913750 0.764129 0.913250 0.763963 0.913000 0.763963 0.912500 0.763797 0.912250 0.763797 0.911500 0.763630 0.911250 0.763464 0.910500 0.763132 0.910000 0.763132 0.909250 0.762965 0.909000 0.762965 0.908250 0.762799 0.908000 0.762799 0.907750 0.762301 0.907250
0 0.050033 0.907250 0.050033 0.907500 0.049867 0.907750 0.049867 0.910750 0.050199 0.911500 0.050199 0.912250 0.050366 0.912250 0.050532 0.912500 0.050532 0.913250 0.050864 0.913750 0.050864 0.914000 0.051031 0.914250 0.051031 0.914750 0.052028 0.916250 0.052028 0.916500 0.052360 0.917000 0.052360 0.917250 0.052859 0.918000 0.053025 0.918000 0.053191 0.918250 0.054521 0.918250 0.054688 0.918500 0.054854 0.918500 0.055020 0.918250 0.055685 0.918250 0.055851 0.918000 0.055851 0.917000 0.056017 0.916750 0.057181 0.916750 0.057347 0.916500 0.057513 0.916500 0.057513 0.916250 0.057846 0.915750 0.058344 0.916250 0.059342 0.916250 0.059508 0.916500 0.059674 0.916500 0.060173 0.915750 0.059508 0.914500 0.059342 0.913750 0.058344 0.912250 0.058344 0.912000 0.057513 0.911500 0.057015 0.910750 0.056516 0.910500 0.056017 0.909750 0.055851 0.909750 0.055519 0.909000 0.055186 0.909000 0.055020 0.908750 0.054688 0.908750 0.054189 0.908250 0.054023 0.908500 0.053856 0.908500 0.053690 0.908250 0.053191 0.908000 0.053025 0.907750 0.053025 0.907250 0.052859 0.907000 0.052527 0.907000 0.052360 0.906750 0.051031 0.906750 0.050864 0.907000 0.050366 0.907000 0.050199 0.907250
0 0.807680 0.903750 0.806848 0.903250 0.805851 0.903500 0.804355 0.907500 0.804355 0.908250 0.800532 0.915000 0.800532 0.915750 0.800199 0.916000 0.800033 0.917000 0.797872 0.922000 0.797041 0.923250 0.795213 0.924000 0.793551 0.926750 0.792719 0.927500 0.792553 0.928500 0.790725 0.932000 0.790559 0.933500 0.789894 0.935250 0.788065 0.937500 0.785073 0.940000 0.784242 0.941250 0.784076 0.942250 0.782912 0.943750 0.781084 0.948000 0.781084 0.949000 0.782580 0.949250 0.783577 0.948500 0.784408 0.945750 0.785904 0.943250 0.788065 0.941000 0.790226 0.939750 0.790559 0.939000 0.792553 0.937500 0.794382 0.934500 0.797872 0.930500 0.799036 0.929750 0.804355 0.924250 0.806516 0.922750 0.808012 0.920750 0.808677 0.918750 0.810173 0.916750 0.810339 0.914750 0.809342 0.911500 0.808843 0.908000
0 0.748504 0.902500 0.748172 0.903000 0.748172 0.903250 0.748338 0.903500 0.748338 0.903750 0.748504 0.903750 0.748670 0.904000 0.748670 0.904500 0.749003 0.905000 0.749003 0.905250 0.749335 0.905750 0.749335 0.906000 0.749501 0.906250 0.749501 0.906500 0.749834 0.907000 0.749834 0.907250 0.750000 0.907500 0.750000 0.907750 0.750332 0.908250 0.750332 0.908500 0.750499 0.908750 0.750499 0.909000 0.750831 0.909500 0.750831 0.909750 0.750997 0.910000 0.750997 0.910250 0.751330 0.910750 0.751330 0.911250 0.751496 0.911500 0.751496 0.911750 0.751662 0.912000 0.751662 0.912250 0.751995 0.912750 0.751995 0.913000 0.752327 0.913500 0.752327 0.913750 0.752660 0.914250 0.753657 0.914250 0.753823 0.914000 0.753989 0.914000 0.753989 0.913000 0.753491 0.912250 0.753491 0.912000 0.753158 0.911250 0.753158 0.910750 0.752826 0.910000 0.752992 0.909750 0.753989 0.909750 0.754156 0.909500 0.754322 0.909500 0.754322 0.908750 0.754156 0.908500 0.754156 0.908250 0.753989 0.908000 0.753989 0.907750 0.753491 0.907000 0.753491 0.906750 0.753324 0.906500 0.753324 0.906250 0.753158 0.906250 0.752826 0.905750 0.752660 0.905750 0.751995 0.904750 0.751828 0.904750 0.751662 0.904500 0.751496 0.904500 0.750831 0.903500 0.750665 0.903500 0.750332 0.903000 0.750166 0.903000 0.750000 0.902750 0.749501 0.902750 0.749335 0.902500
0 0.764129 0.899000 0.763797 0.900000 0.767287 0.906000 0.768617 0.910750 0.768617 0.911750 0.770445 0.916250 0.770612 0.918250 0.771110 0.920000 0.771443 0.924000 0.772108 0.926500 0.772108 0.928750 0.773438 0.933000 0.774767 0.941000 0.775432 0.942500 0.775765 0.944250 0.775931 0.949000 0.776596 0.949750 0.777593 0.949500 0.777593 0.944500 0.776928 0.940000 0.778424 0.939750 0.778424 0.939250 0.776928 0.936250 0.775765 0.931750 0.774767 0.924000 0.774269 0.922250 0.774269 0.920000 0.773604 0.917000 0.772606 0.915750 0.772606 0.914750 0.772274 0.914000 0.772274 0.912750 0.771609 0.909500 0.771443 0.906000 0.771110 0.905000 0.769282 0.902500 0.767786 0.901500 0.766622 0.899250 0.765957 0.899500 0.765293 0.899000
0 0.488863 0.898250 0.488863 0.898500 0.489029 0.898750 0.490193 0.898750 0.490359 0.898500 0.490359 0.898250 0.490193 0.898000 0.489029 0.898000
0 0.487367 0.887750 0.487367 0.888000 0.487533 0.888250 0.488531 0.888250 0.488697 0.888000 0.488697 0.887750 0.488531 0.887500 0.487699 0.887500 0.487533 0.887750
0 0.701463 0.880750 0.700964 0.880000 0.698138 0.880000 0.697473 0.880500 0.695312 0.880500 0.694481 0.881250 0.693650 0.881500 0.692154 0.883000 0.690991 0.883500 0.690658 0.884000 0.690160 0.884000 0.687832 0.886000 0.683511 0.888000 0.680685 0.890500 0.678191 0.890750 0.678191 0.891500 0.677527 0.892750 0.677693 0.895250 0.677360 0.896500 0.677360 0.898750 0.676529 0.903500 0.676363 0.905500 0.676529 0.906000 0.676031 0.907750 0.676695 0.910250 0.677028 0.910750 0.678690 0.910500 0.681017 0.907750 0.682347 0.905500 0.687334 0.901750 0.688165 0.900750 0.689827 0.899750 0.692819 0.895000 0.694315 0.893750 0.695977 0.891750 0.697141 0.891250 0.698305 0.889750 0.700133 0.888500 0.701463 0.886250 0.701463 0.883500 0.701795 0.883000
0 0.097573 0.851250 0.096077 0.850000 0.093750 0.849250 0.087600 0.849000 0.082447 0.849750 0.069149 0.849750 0.067985 0.850500 0.054854 0.852500 0.047041 0.854500 0.042055 0.857000 0.042055 0.858000 0.040725 0.859750 0.040725 0.860500 0.041888 0.860750 0.041888 0.862000 0.043052 0.862250 0.045545 0.861250 0.055851 0.854750 0.058178 0.854250 0.059342 0.853250 0.061669 0.853250 0.062334 0.852750 0.086935 0.850750 0.093750 0.851000 0.095745 0.851750 0.097407 0.851750
0 0.216755 0.953250 0.262301 0.999750 0.286735 0.999750 0.273770 0.985250 0.318152 0.956250 0.316822 0.963000 0.313165 0.963000 0.354555 0.984500 0.355386 0.975250 0.357547 0.999750 0.362533 0.969500 0.364029 0.999750 0.371676 0.999750 0.373338 0.980500 0.378324 0.999750 0.377992 0.964000 0.372340 0.953250 0.401263 0.999750 0.407414 0.999750 0.406915 0.989250 0.412566 0.999250 0.409574 0.991000 0.413730 0.981500 0.418551 0.996750 0.418384 0.979000 0.421875 0.998750 0.426031 0.998500 0.409408 0.924750 0.405585 0.923250 0.400100 0.956250 0.404089 0.983250 0.389794 0.957000 0.371509 0.938500 0.366190 0.925500 0.371509 0.927250 0.358045 0.882250 0.354388 0.879750 0.354721 0.902500 0.362533 0.917250 0.324302 0.854750 0.314993 0.848000 0.302028 0.850000 0.317320 0.863250 0.347241 0.903750 0.350399 0.914500 0.346410 0.914500 0.360372 0.930500 0.370678 0.951250 0.356383 0.929500 0.316656 0.944000 0.276762 0.914000 0.250000 0.925000 0.235705 0.948000 0.223570 0.933750 0.215426 0.938750
0 0.176862 0.847000 0.175864 0.847750 0.176031 0.853000 0.175532 0.857000 0.174535 0.858000 0.173703 0.854250 0.172540 0.854250 0.172540 0.858250 0.171875 0.860000 0.172207 0.867750 0.170878 0.876250 0.170213 0.878000 0.169548 0.886500 0.167886 0.892000 0.168052 0.892750 0.166722 0.900000 0.164229 0.907250 0.163896 0.912000 0.163231 0.914250 0.163231 0.916500 0.163896 0.917250 0.164894 0.917250 0.165891 0.915250 0.170545 0.915250 0.172706 0.909500 0.173371 0.902500 0.174368 0.898500 0.174202 0.896000 0.174701 0.895500 0.174535 0.894000 0.175033 0.893750 0.174867 0.892500 0.175366 0.892250 0.175199 0.891250 0.175698 0.890750 0.175532 0.888000 0.177527 0.883000 0.177360 0.882000 0.177859 0.880500 0.178358 0.874500 0.179023 0.874000 0.178690 0.868500 0.178025 0.866750 0.178358 0.866250 0.178358 0.862000 0.178690 0.861000 0.178524 0.855500 0.179023 0.854250 0.178025 0.853250 0.178191 0.851000 0.177859 0.848750
0 0.041390 0.852000 0.042221 0.852750 0.043218 0.852750 0.046044 0.851250 0.047706 0.851250 0.054854 0.849250 0.058344 0.849250 0.063331 0.847750 0.069980 0.847750 0.071144 0.847250 0.071476 0.846500 0.072972 0.846000 0.086436 0.846250 0.087600 0.846000 0.088098 0.845250 0.085771 0.844500 0.085439 0.843500 0.083278 0.842500 0.080785 0.842500 0.079953 0.841500 0.077128 0.841500 0.076130 0.842000 0.072141 0.842000 0.070977 0.841500 0.062999 0.841500 0.057347 0.843500 0.056184 0.844500 0.053191 0.845500 0.045379 0.849750 0.041888 0.851000
0 0.043551 0.840750 0.044548 0.841750 0.047872 0.841250 0.055186 0.841250 0.061503 0.840250 0.063830 0.839250 0.082281 0.839750 0.085273 0.840750 0.087267 0.842250 0.093916 0.844250 0.099900 0.844250 0.104555 0.847750 0.105718 0.847500 0.105386 0.845500 0.103723 0.843250 0.100565 0.841500 0.093418 0.840500 0.089927 0.838500 0.085605 0.838000 0.079122 0.835750 0.060173 0.835750 0.053524 0.837250
0 0.249335 0.831250 0.248504 0.832000 0.248504 0.835000 0.247340 0.839500 0.245512 0.843000 0.242021 0.854000 0.241855 0.846500 0.242520 0.838500 0.241190 0.829750 0.239860 0.829000 0.238863 0.832750 0.237533 0.835750 0.236702 0.836250 0.237035 0.849000 0.235206 0.859750 0.235372 0.860750 0.236370 0.861250 0.235705 0.866000 0.236370 0.867250 0.236370 0.869000 0.237201 0.869250 0.237533 0.867250 0.239195 0.865250 0.239694 0.863000 0.240027 0.865500 0.238032 0.882250 0.237866 0.887750 0.235539 0.898750 0.234375 0.909000 0.234707 0.909750 0.235705 0.909250 0.236203 0.904000 0.237533 0.902500 0.237866 0.895250 0.239195 0.892250 0.239195 0.890500 0.239860 0.890250 0.240525 0.892500 0.241855 0.892500 0.242021 0.876000 0.243019 0.871750 0.244016 0.861500 0.247174 0.849500 0.248005 0.841000 0.249668 0.835500 0.249834 0.831750
0 0.843584 0.822500 0.841922 0.822500 0.841090 0.824000 0.840426 0.828250 0.838431 0.834250 0.838265 0.836250 0.836104 0.846000 0.836104 0.850250 0.835771 0.852000 0.835938 0.857750 0.835771 0.859750 0.835439 0.860000 0.835439 0.861750 0.834608 0.864000 0.834608 0.865750 0.833278 0.870750 0.833444 0.872000 0.832447 0.875000 0.832447 0.876250 0.831117 0.879750 0.828790 0.881750 0.828457 0.883000 0.828956 0.883500 0.830618 0.883500 0.832281 0.882750 0.832281 0.882250 0.833610 0.880750 0.836270 0.873750 0.836935 0.869250 0.837600 0.868250 0.838098 0.866500 0.839262 0.864750 0.840924 0.860500 0.840924 0.859500 0.842420 0.853750 0.842586 0.851000 0.843750 0.846750 0.843916 0.832000 0.843584 0.830250
0 0.267952 0.818250 0.267453 0.818500 0.267453 0.819000 0.266789 0.820500 0.265957 0.820250 0.265293 0.821000 0.264628 0.823250 0.264295 0.823750 0.263298 0.828250 0.263298 0.829000 0.262965 0.829750 0.262467 0.832500 0.262134 0.833250 0.262134 0.834000 0.262301 0.834000 0.262799 0.835000 0.262467 0.836000 0.262301 0.838500 0.261968 0.839500 0.261968 0.840500 0.261469 0.842750 0.261469 0.843750 0.261137 0.844750 0.261137 0.847250 0.260805 0.848000 0.260638 0.853000 0.260805 0.853500 0.261137 0.853750 0.261636 0.853750 0.261636 0.853500 0.262301 0.852750 0.262301 0.851000 0.262633 0.850500 0.262633 0.849500 0.262965 0.849000 0.262965 0.848000 0.263132 0.847750 0.263132 0.846500 0.263464 0.845750 0.263464 0.843500 0.263797 0.842500 0.263797 0.841250 0.264129 0.840500 0.264129 0.839000 0.264461 0.837750 0.264461 0.836750 0.264794 0.835750 0.264960 0.833750 0.265459 0.832250 0.265293 0.831000 0.265625 0.830500 0.265625 0.828500 0.266456 0.825750 0.266456 0.825000 0.266955 0.823750 0.267121 0.821750 0.268118 0.818750
0 0.456449 0.815250 0.455452 0.815250 0.454787 0.816000 0.452959 0.822250 0.449801 0.829500 0.449468 0.832750 0.446144 0.844000 0.445811 0.847000 0.443484 0.853500 0.441489 0.862500 0.439993 0.867000 0.439162 0.875000 0.438165 0.879750 0.436835 0.883000 0.436170 0.886500 0.436170 0.891000 0.435339 0.893500 0.436004 0.894500 0.435505 0.898750 0.436170 0.899750 0.436835 0.899750 0.438497 0.896000 0.438996 0.895750 0.439328 0.892000 0.441323 0.885750 0.442320 0.880500 0.445811 0.874250 0.446642 0.871750 0.446642 0.870500 0.447972 0.866500 0.449302 0.855500 0.451961 0.847500 0.453624 0.840750 0.455618 0.835750 0.455951 0.831000 0.454953 0.831000 0.454621 0.829000 0.455951 0.822750 0.455785 0.821000
0 0.813165 0.814000 0.811170 0.814250 0.807181 0.824000 0.807347 0.834250 0.808511 0.835750 0.809840 0.839750 0.812168 0.842750 0.810838 0.843250 0.810339 0.845500 0.805851 0.852000 0.802028 0.861500 0.798205 0.867250 0.792886 0.884000 0.787400 0.892000 0.785572 0.897750 0.785738 0.898750 0.786569 0.899000 0.786569 0.901500 0.788231 0.901750 0.791888 0.894750 0.794049 0.892250 0.792886 0.899750 0.789894 0.905750 0.789894 0.907750 0.791722 0.907750 0.796210 0.899750 0.798870 0.890750 0.800864 0.887250 0.802360 0.886750 0.803025 0.883500 0.806184 0.877000 0.810672 0.871250 0.812666 0.867750 0.813996 0.863750 0.815492 0.855000 0.813996 0.848250 0.813996 0.843750 0.813331 0.843000 0.813830 0.842000 0.811503 0.832500 0.811669 0.827750 0.812832 0.824750 0.814162 0.815500
0 0.252161 0.803000 0.251164 0.803000 0.250499 0.804000 0.250499 0.804250 0.249834 0.805500 0.249834 0.805750 0.249003 0.808000 0.249003 0.808500 0.248836 0.808750 0.248836 0.809250 0.248504 0.810000 0.248504 0.810500 0.247008 0.813000 0.246177 0.813250 0.246011 0.813500 0.246011 0.813750 0.244847 0.815500 0.244681 0.815500 0.244681 0.815750 0.244515 0.816000 0.244348 0.816000 0.243850 0.816750 0.243850 0.817000 0.243351 0.817750 0.243351 0.818000 0.242686 0.819000 0.242686 0.819250 0.242852 0.819250 0.243185 0.819750 0.243185 0.820000 0.242354 0.821500 0.242354 0.822000 0.242520 0.822250 0.242520 0.822500 0.243351 0.822500 0.243684 0.822000 0.243684 0.821500 0.244016 0.821000 0.244016 0.820750 0.244182 0.820500 0.244182 0.820000 0.244515 0.819500 0.244515 0.819250 0.246011 0.817000 0.246011 0.816750 0.247507 0.814500 0.247507 0.814250 0.248836 0.812250 0.248836 0.812000 0.249501 0.811000 0.249501 0.810250 0.250332 0.808000 0.250332 0.807500 0.250665 0.807000 0.250665 0.806500 0.251164 0.805750 0.251496 0.804500 0.251662 0.804250 0.251828 0.804250 0.251828 0.804000 0.252161 0.803500
0 0.249834 0.792250 0.249003 0.792500 0.244681 0.800000 0.241523 0.804500 0.239362 0.808750 0.232547 0.820000 0.231549 0.824250 0.228225 0.828750 0.225731 0.835750 0.225399 0.836000 0.225066 0.837750 0.223737 0.840500 0.225066 0.840750 0.227394 0.836750 0.228557 0.835750 0.230884 0.832000 0.231217 0.830500 0.231882 0.830000 0.233211 0.826750 0.235372 0.823500 0.236203 0.821250 0.238032 0.818500 0.238198 0.817750 0.240858 0.814500 0.241356 0.812750 0.242686 0.810500 0.242686 0.809750 0.243351 0.809000 0.245678 0.804250 0.247008 0.803500 0.248670 0.801250 0.249335 0.801000 0.249501 0.800000 0.250499 0.799000 0.251164 0.796500 0.250997 0.795250 0.250000 0.795000 0.249834 0.795500 0.249169 0.796000 0.249003 0.795250 0.249501 0.794750 0.249501 0.794000 0.249834 0.793750
0 0.653092 0.782250 0.652094 0.782250 0.651596 0.782750 0.651596 0.785000 0.651430 0.785250 0.651430 0.786000 0.651263 0.786250 0.651263 0.787000 0.650765 0.788250 0.650765 0.789000 0.650598 0.789250 0.650432 0.790500 0.649934 0.791500 0.649934 0.792750 0.649601 0.793500 0.649435 0.794750 0.649102 0.795500 0.649102 0.796250 0.648936 0.796500 0.648936 0.797750 0.648770 0.798000 0.648770 0.798500 0.648604 0.798750 0.648604 0.799750 0.648438 0.800000 0.648438 0.800500 0.648271 0.800750 0.648271 0.801250 0.648105 0.801500 0.648105 0.802000 0.647939 0.802250 0.648271 0.802750 0.649435 0.802750 0.649934 0.802250 0.650931 0.802250 0.651596 0.801500 0.651596 0.797500 0.651928 0.796750 0.651928 0.795500 0.652261 0.795000 0.652261 0.792000 0.652427 0.791750 0.652593 0.791750 0.652593 0.789250 0.652759 0.789000 0.652759 0.788500 0.653092 0.787750 0.653092 0.787250 0.653258 0.787000 0.653258 0.786500 0.653424 0.786250 0.653258 0.786000 0.653258 0.785500 0.653424 0.785250 0.653424 0.782750
0 0.754820 0.779500 0.754654 0.779750 0.754654 0.780750 0.754820 0.781000 0.754987 0.782500 0.755319 0.783250 0.755319 0.784250 0.755652 0.785000 0.755652 0.785750 0.756316 0.788250 0.756981 0.793500 0.757646 0.796000 0.757646 0.798750 0.757812 0.799000 0.757979 0.800750 0.758311 0.801500 0.758311 0.802500 0.758810 0.804000 0.758810 0.804750 0.758976 0.805000 0.758810 0.805500 0.759309 0.806750 0.759142 0.807250 0.759142 0.809750 0.759309 0.810000 0.759309 0.811000 0.759807 0.811500 0.760472 0.811500 0.760805 0.811250 0.761137 0.810500 0.761137 0.808000 0.760971 0.807750 0.761303 0.807000 0.761303 0.806000 0.761137 0.805750 0.761303 0.805500 0.761303 0.805000 0.760971 0.804500 0.760971 0.804000 0.760805 0.803750 0.760971 0.802750 0.760638 0.802000 0.760472 0.800250 0.760140 0.799250 0.760140 0.798250 0.759807 0.797000 0.759807 0.795750 0.759641 0.795500 0.759475 0.793500 0.758644 0.790250 0.758644 0.789250 0.758477 0.789000 0.758477 0.788000 0.758145 0.787000 0.758145 0.786000 0.757812 0.785750 0.757812 0.785250 0.757480 0.784750 0.757480 0.784000 0.756981 0.782250 0.756981 0.781500 0.756815 0.781250 0.756649 0.780000 0.756316 0.779500
0 0.439495 0.768500 0.438830 0.768250 0.437666 0.768500 0.433344 0.774000 0.429023 0.777250 0.426862 0.780000 0.425199 0.784000 0.424202 0.788500 0.423205 0.790250 0.422872 0.791500 0.422374 0.792000 0.421210 0.795250 0.420213 0.799750 0.419880 0.800000 0.418551 0.804250 0.418551 0.807250 0.419215 0.807500 0.420213 0.807250 0.421044 0.805250 0.425698 0.799000 0.427028 0.796000 0.427360 0.795750 0.427527 0.794250 0.428025 0.792750 0.428856 0.791750 0.429023 0.790750 0.430186 0.789750 0.431516 0.787750 0.432015 0.787750 0.433344 0.786250 0.435339 0.782750 0.436336 0.779750 0.437832 0.777500 0.439661 0.775500 0.439661 0.774500 0.440658 0.773250 0.440492 0.773000 0.438830 0.773250 0.438331 0.772250 0.437832 0.772000 0.438165 0.770500 0.439661 0.769000
0 0.389628 0.764000 0.389628 0.764750 0.389960 0.765500 0.389960 0.768250 0.390293 0.768750 0.390625 0.770750 0.391622 0.773500 0.391456 0.782250 0.391789 0.783750 0.391456 0.784250 0.391955 0.785500 0.392620 0.789750 0.392952 0.795250 0.393285 0.796000 0.393285 0.798250 0.393617 0.798750 0.393617 0.800000 0.393949 0.800750 0.393949 0.804250 0.394282 0.805000 0.394614 0.808250 0.394947 0.808750 0.395113 0.809750 0.395445 0.810250 0.396110 0.810250 0.396443 0.810000 0.396443 0.808750 0.396110 0.808250 0.396110 0.806500 0.396775 0.806000 0.396775 0.802500 0.396110 0.801000 0.396110 0.799500 0.396609 0.799000 0.396609 0.797000 0.396110 0.796500 0.396110 0.792000 0.395944 0.791750 0.396110 0.789750 0.395944 0.789500 0.395778 0.785250 0.394947 0.784500 0.394947 0.783000 0.394448 0.781750 0.394116 0.779250 0.393783 0.778500 0.393783 0.776000 0.393451 0.775750 0.393451 0.773750 0.392786 0.772750 0.392786 0.771500 0.392121 0.769750 0.392121 0.768250 0.391456 0.767000 0.391456 0.765750 0.391124 0.765000 0.391124 0.764250 0.390957 0.764000
0 0.610539 0.756500 0.608378 0.757000 0.605718 0.760000 0.600731 0.773750 0.600731 0.782750 0.598737 0.788000 0.595412 0.808750 0.595412 0.818000 0.594747 0.821250 0.594747 0.827500 0.595080 0.828000 0.595080 0.837000 0.595745 0.846250 0.594581 0.851750 0.594747 0.855000 0.595578 0.854750 0.596908 0.850250 0.599734 0.846000 0.602892 0.831000 0.603557 0.826000 0.603391 0.822750 0.603890 0.820500 0.604222 0.812000 0.610206 0.773250 0.610705 0.767500 0.610871 0.757000
0 0.282746 0.751000 0.281915 0.751000 0.281915 0.751250 0.281250 0.752000 0.281084 0.752750 0.280419 0.753750 0.280253 0.753750 0.280253 0.754000 0.279920 0.754250 0.279422 0.755250 0.279255 0.755250 0.279255 0.755750 0.279089 0.756000 0.278757 0.756000 0.277926 0.758000 0.277926 0.758750 0.277593 0.759250 0.277593 0.760250 0.276263 0.763250 0.276263 0.764250 0.275266 0.766500 0.275266 0.767250 0.274269 0.770500 0.274269 0.771750 0.273936 0.772500 0.273936 0.773250 0.273604 0.774000 0.273604 0.774500 0.271941 0.778250 0.271941 0.778750 0.272108 0.779000 0.272773 0.779250 0.273105 0.779750 0.272939 0.780250 0.273271 0.780750 0.273936 0.780750 0.274102 0.780000 0.274601 0.779500 0.275598 0.777500 0.275931 0.776500 0.275931 0.776000 0.276596 0.774750 0.276596 0.774250 0.277094 0.773500 0.277094 0.773000 0.277759 0.771500 0.277759 0.770250 0.278424 0.769500 0.278424 0.769000 0.278757 0.768500 0.278757 0.768000 0.279089 0.767250 0.279422 0.767000 0.279588 0.766000 0.279920 0.765750 0.282081 0.762500 0.282081 0.762000 0.282746 0.760500 0.282746 0.759500 0.283411 0.758000 0.283411 0.754000 0.283577 0.753750 0.283577 0.752500 0.282912 0.751750 0.282912 0.751250
0 0.393617 0.746500 0.393451 0.746750 0.393118 0.746750 0.392952 0.747000 0.392952 0.747250 0.393285 0.748000 0.393285 0.748250 0.392952 0.748750 0.392952 0.749000 0.393118 0.749250 0.393285 0.750000 0.393617 0.750500 0.393617 0.751250 0.393783 0.751500 0.393783 0.751750 0.393949 0.752000 0.393949 0.752500 0.394282 0.753250 0.394282 0.754250 0.394448 0.754500 0.394448 0.755000 0.394614 0.755250 0.394614 0.756250 0.394947 0.756750 0.394947 0.757750 0.395279 0.758500 0.395279 0.759500 0.395445 0.759750 0.395445 0.761500 0.395612 0.761750 0.395612 0.763000 0.395778 0.763250 0.395778 0.763750 0.395944 0.764000 0.395944 0.764500 0.396110 0.764500 0.396277 0.764750 0.397274 0.764750 0.397440 0.764500 0.397440 0.763500 0.397108 0.762750 0.397108 0.761500 0.396775 0.760750 0.396775 0.760000 0.396609 0.759750 0.396609 0.759250 0.396443 0.759000 0.396443 0.758750 0.396609 0.758500 0.396609 0.757250 0.396443 0.757000 0.396443 0.756250 0.396609 0.756000 0.396443 0.756000 0.396110 0.755250 0.396110 0.754250 0.395778 0.753750 0.395778 0.752750 0.395445 0.752250 0.395445 0.750250 0.395113 0.749500 0.395113 0.748750 0.394781 0.748250 0.394781 0.748000 0.394448 0.747250 0.394448 0.746750 0.394282 0.746750 0.394116 0.746500
0 0.887799 0.744250 0.886636 0.744250 0.885805 0.745250 0.884475 0.745500 0.883477 0.754750 0.882646 0.758250 0.882314 0.761500 0.879987 0.767250 0.879322 0.771750 0.878823 0.772750 0.878657 0.774500 0.877327 0.778750 0.876662 0.783000 0.873338 0.796750 0.870346 0.801500 0.870844 0.802250 0.871676 0.802250 0.874169 0.800750 0.875997 0.798000 0.876995 0.795000 0.877327 0.792000 0.878657 0.788000 0.879322 0.784750 0.880319 0.782500 0.880652 0.779500 0.881316 0.778500 0.881649 0.777000 0.883145 0.774500 0.884475 0.768500 0.884475 0.766250 0.884807 0.765500 0.884973 0.763000 0.885805 0.760250 0.885805 0.758750 0.886137 0.758250 0.886137 0.755750 0.886636 0.753750 0.886636 0.752000 0.887467 0.749500 0.887799 0.746250 0.888132 0.745750 0.888132 0.744750
0 0.797041 0.740000 0.796376 0.741000 0.797041 0.744500 0.797041 0.746750 0.800864 0.760750 0.804521 0.769750 0.806184 0.775500 0.806350 0.777250 0.808511 0.781750 0.810505 0.788750 0.811170 0.789500 0.811835 0.789500 0.813830 0.793000 0.814827 0.797500 0.814993 0.800000 0.815658 0.801000 0.815658 0.802000 0.816157 0.802750 0.816489 0.804500 0.818318 0.805000 0.818650 0.803750 0.817487 0.799750 0.816656 0.793500 0.809840 0.776750 0.808677 0.772750 0.808677 0.771500 0.808012 0.770000 0.807846 0.768000 0.806017 0.763000 0.804688 0.760500 0.804355 0.759250 0.804521 0.758000 0.802028 0.752500 0.798537 0.740500 0.798039 0.740000
0 0.037899 0.733250 0.036735 0.733500 0.036403 0.734250 0.035738 0.745750 0.034907 0.747000 0.034574 0.752500 0.034408 0.774500 0.032580 0.793000 0.032580 0.796000 0.033078 0.797250 0.032580 0.804000 0.032580 0.811750 0.033078 0.812500 0.032746 0.829500 0.033078 0.830750 0.034408 0.830500 0.034907 0.829250 0.034907 0.816000 0.036070 0.777250 0.037400 0.766250 0.037899 0.755500 0.038231 0.755000 0.037899 0.742750 0.038398 0.733750
0 0.670213 0.725750 0.670047 0.726000 0.669880 0.726000 0.669215 0.727000 0.669215 0.727750 0.669049 0.728000 0.669049 0.729750 0.668883 0.730000 0.668883 0.732000 0.669049 0.732250 0.669049 0.733250 0.669215 0.733500 0.669215 0.735750 0.669382 0.736000 0.669382 0.736750 0.669548 0.737000 0.669548 0.737500 0.669714 0.737750 0.669714 0.738250 0.669548 0.738500 0.669548 0.739000 0.669382 0.739250 0.669382 0.739750 0.669215 0.740000 0.669382 0.740250 0.669382 0.741500 0.669880 0.741750 0.670213 0.742250 0.670213 0.745250 0.670379 0.745500 0.670379 0.746250 0.670878 0.746750 0.671376 0.746750 0.671875 0.746250 0.671875 0.743500 0.671709 0.743250 0.671709 0.739500 0.671543 0.739250 0.671543 0.736250 0.671709 0.736000 0.671709 0.732000 0.671543 0.731750 0.671709 0.731500 0.671709 0.731250 0.671543 0.731000 0.671543 0.728000 0.671376 0.727750 0.671376 0.727250 0.671210 0.727000 0.671210 0.726750 0.671376 0.726500 0.671376 0.726000 0.671210 0.726000 0.671044 0.725750
0 0.521775 0.721000 0.521609 0.720750 0.520944 0.720500 0.520445 0.721000 0.519947 0.721000 0.519448 0.721500 0.519116 0.721250 0.518617 0.721250 0.517952 0.721750 0.517453 0.721750 0.513464 0.728250 0.512965 0.728500 0.512633 0.729000 0.511802 0.729000 0.511303 0.728500 0.509973 0.728500 0.509309 0.729000 0.508976 0.729500 0.508644 0.729500 0.508145 0.730250 0.507979 0.730250 0.507812 0.730750 0.507314 0.731000 0.506649 0.732000 0.506649 0.734000 0.506815 0.734250 0.508644 0.734250 0.509142 0.733750 0.509475 0.733750 0.510306 0.735000 0.510638 0.735250 0.511636 0.735250 0.511968 0.734750 0.512633 0.734750 0.512965 0.734250 0.513630 0.733750 0.513963 0.733750 0.514628 0.732750 0.515791 0.732000 0.517453 0.729500 0.517453 0.728750 0.517786 0.728250 0.517786 0.727750 0.518451 0.726750 0.518451 0.726250 0.519282 0.724500 0.519282 0.724000 0.519448 0.723750 0.519781 0.723750 0.520445 0.722750 0.520612 0.722750 0.520612 0.722500 0.521110 0.721750 0.521609 0.721500
0 0.564993 0.720000 0.564328 0.721000 0.564328 0.721750 0.563497 0.723750 0.563497 0.727000 0.563830 0.728000 0.563497 0.740500 0.563830 0.741000 0.564495 0.748500 0.564827 0.749000 0.564993 0.748750 0.565492 0.750000 0.565160 0.759750 0.565492 0.760000 0.565492 0.761500 0.565824 0.762000 0.565824 0.764000 0.565492 0.764750 0.565492 0.769500 0.565824 0.770250 0.565492 0.771750 0.565824 0.772500 0.565991 0.776000 0.565824 0.778750 0.566157 0.779500 0.566157 0.781500 0.566656 0.782250 0.566988 0.784500 0.566656 0.789750 0.567653 0.790000 0.568318 0.789000 0.568650 0.785250 0.568983 0.784750 0.568983 0.782000 0.569315 0.781500 0.569315 0.779000 0.569648 0.778500 0.569481 0.776000 0.569814 0.775750 0.569814 0.772500 0.570146 0.771750 0.569980 0.765250 0.570479 0.764500 0.570645 0.760500 0.569980 0.759750 0.570146 0.746000 0.569814 0.744750 0.569814 0.740750 0.569315 0.739750 0.568983 0.735250 0.568650 0.734750 0.568650 0.733250 0.567985 0.730750 0.567985 0.728750 0.567653 0.728250 0.567653 0.724750 0.565824 0.720000
0 0.792055 0.719500 0.792055 0.719750 0.792221 0.720000 0.792221 0.720750 0.792553 0.721500 0.792553 0.722750 0.792719 0.723000 0.792719 0.723500 0.793052 0.724000 0.792719 0.724500 0.792221 0.724500 0.792055 0.724750 0.791888 0.724750 0.791888 0.725000 0.791722 0.725250 0.791722 0.725500 0.792055 0.726000 0.792055 0.726250 0.792553 0.727500 0.792221 0.728000 0.792553 0.729250 0.792719 0.729250 0.793052 0.729750 0.793052 0.730000 0.793384 0.730500 0.793384 0.730750 0.793883 0.731500 0.793883 0.731750 0.794049 0.732000 0.794049 0.732500 0.794215 0.732750 0.794382 0.733500 0.795047 0.734750 0.795545 0.734750 0.795711 0.735000 0.796210 0.735000 0.796376 0.735250 0.798039 0.735250 0.798371 0.734750 0.798371 0.734250 0.798205 0.734000 0.798205 0.733750 0.798039 0.733500 0.798039 0.733000 0.797872 0.732750 0.797872 0.731750 0.797706 0.731500 0.797706 0.731250 0.797540 0.731250 0.797374 0.731000 0.797374 0.730500 0.797540 0.730250 0.798039 0.730250 0.798205 0.730000 0.798371 0.730000 0.798537 0.729750 0.798371 0.729500 0.798371 0.729250 0.797706 0.728250 0.797706 0.728000 0.797540 0.728000 0.797374 0.727750 0.797374 0.727500 0.796875 0.726750 0.796875 0.726500 0.796044 0.725000 0.796044 0.724750 0.794714 0.722500 0.794714 0.722250 0.794548 0.722000 0.794548 0.721250 0.794382 0.721000 0.794382 0.720500 0.794215 0.720250 0.794049 0.719500 0.793883 0.719500 0.793384 0.719000 0.792886 0.719000 0.792387 0.719500
0 0.815991 0.718500 0.815326 0.720000 0.815326 0.724250 0.815824 0.725750 0.815824 0.727750 0.816157 0.728000 0.816822 0.731250 0.816822 0.733000 0.818484 0.737500 0.822307 0.741750 0.824967 0.745750 0.826463 0.749250 0.826961 0.749250 0.829122 0.751750 0.830785 0.754500 0.832447 0.759000 0.832779 0.761000 0.834109 0.763000 0.834109 0.763750 0.837101 0.767750 0.837434 0.768750 0.839096 0.770500 0.839428 0.772500 0.840426 0.775250 0.841090 0.776000 0.841423 0.778000 0.842088 0.778500 0.843584 0.778250 0.844747 0.773750 0.845246 0.769500 0.846077 0.767750 0.845578 0.764500 0.841257 0.755500 0.838431 0.753000 0.837101 0.750500 0.835106 0.750000 0.833610 0.747750 0.832613 0.744750 0.828624 0.738750 0.828291 0.737500 0.826961 0.735500 0.826130 0.730500 0.825299 0.729250 0.823637 0.724750 0.821310 0.721750 0.820645 0.720000 0.819149 0.718000 0.818484 0.717750
0 0.654588 0.713250 0.653757 0.713250 0.653424 0.713500 0.652926 0.714250 0.652427 0.714500 0.652094 0.715250 0.652094 0.717000 0.651596 0.718500 0.651596 0.719250 0.651263 0.720000 0.651263 0.721250 0.651097 0.721500 0.651097 0.722500 0.650931 0.722750 0.650931 0.723750 0.650765 0.724000 0.650765 0.725250 0.650598 0.725500 0.650598 0.726500 0.650432 0.726750 0.650432 0.728250 0.650266 0.728500 0.650432 0.728750 0.650432 0.729250 0.650266 0.729500 0.650266 0.734000 0.650100 0.734250 0.650100 0.737250 0.650266 0.737500 0.651430 0.737500 0.651596 0.737250 0.651596 0.736000 0.651928 0.735750 0.652094 0.735250 0.652094 0.734500 0.652261 0.734250 0.652261 0.732000 0.652593 0.731250 0.652593 0.729250 0.653258 0.727250 0.653258 0.725500 0.653590 0.725000 0.653590 0.723250 0.653923 0.722500 0.653923 0.720750 0.654089 0.720500 0.654089 0.717500 0.654255 0.717250 0.654255 0.716000 0.654588 0.715500 0.654588 0.714500 0.654920 0.714000 0.654920 0.713500
0 0.378657 0.709500 0.377826 0.710000 0.379987 0.716000 0.383145 0.731000 0.382480 0.731750 0.380818 0.724000 0.378491 0.720500 0.375332 0.723000 0.376164 0.725000 0.375332 0.725750 0.379156 0.736000 0.379987 0.743750 0.378989 0.745000 0.375997 0.756250 0.375499 0.756500 0.374501 0.751250 0.373670 0.751750 0.373338 0.766750 0.371509 0.792000 0.371509 0.806250 0.373670 0.824750 0.372008 0.846750 0.373005 0.846000 0.375499 0.837500 0.376995 0.835250 0.379654 0.834750 0.381150 0.830000 0.380485 0.810500 0.382979 0.775000 0.384973 0.764500 0.384309 0.758750 0.384973 0.758250 0.384641 0.757000 0.386137 0.756000 0.385140 0.745750 0.388630 0.747500 0.387633 0.745500 0.388132 0.744250 0.387301 0.738250 0.383976 0.723750
0 0.525100 0.709750 0.524767 0.709250 0.524269 0.709250 0.524102 0.709500 0.523271 0.709500 0.523105 0.709750 0.522773 0.709750 0.522606 0.710000 0.522274 0.710000 0.521775 0.710500 0.521110 0.710500 0.520778 0.710000 0.520778 0.709750 0.520612 0.709500 0.520612 0.709250 0.520445 0.709000 0.520279 0.708250 0.519947 0.707750 0.519947 0.707500 0.519781 0.707250 0.519781 0.706500 0.519448 0.706000 0.518949 0.706000 0.518451 0.706500 0.516622 0.706500 0.516290 0.707250 0.516290 0.709000 0.517121 0.710250 0.517786 0.710250 0.518118 0.710750 0.518118 0.711000 0.517952 0.711250 0.518118 0.711500 0.518118 0.711750 0.517952 0.712000 0.517952 0.713000 0.517786 0.713250 0.517786 0.714500 0.517453 0.715250 0.517453 0.715750 0.517287 0.716000 0.517121 0.716000 0.517121 0.716500 0.517287 0.716750 0.519116 0.716750 0.519282 0.716500 0.519614 0.716500 0.520113 0.715750 0.520279 0.715750 0.520612 0.715250 0.520778 0.715250 0.521277 0.714500 0.521443 0.714500 0.521775 0.714000 0.521941 0.714000 0.522440 0.713250 0.522606 0.713250 0.522939 0.712750 0.523105 0.712750 0.523438 0.712250 0.523604 0.712250 0.523936 0.711750 0.524102 0.711750 0.524601 0.711000 0.524269 0.710500 0.524435 0.710250 0.524767 0.710250
0 0.885638 0.704750 0.884807 0.704750 0.884475 0.705000 0.884142 0.706000 0.884142 0.707000 0.883644 0.707750 0.882979 0.708250 0.882979 0.708750 0.883477 0.709500 0.883477 0.712750 0.883145 0.713500 0.883145 0.714750 0.882979 0.715000 0.882979 0.720750 0.882812 0.721000 0.882812 0.724500 0.882646 0.724750 0.882480 0.731250 0.882314 0.731500 0.882314 0.732750 0.881815 0.735000 0.881815 0.736250 0.881483 0.737250 0.881483 0.738000 0.881815 0.738500 0.881649 0.739750 0.882148 0.740000 0.882979 0.739750 0.883311 0.739000 0.883311 0.738500 0.883976 0.737500 0.883976 0.736000 0.884309 0.735250 0.884309 0.733250 0.884641 0.732250 0.884641 0.730750 0.884973 0.730250 0.884973 0.726750 0.885306 0.726250 0.885306 0.723250 0.885638 0.722500 0.885805 0.720000 0.886137 0.719250 0.886137 0.716750 0.886303 0.716500 0.886303 0.715000 0.886469 0.714750 0.886469 0.710250 0.886636 0.710000 0.886636 0.708000 0.885971 0.706750 0.885971 0.705000
0 0.902593 0.704250 0.901596 0.704250 0.900765 0.705750 0.900432 0.705500 0.899269 0.705500 0.898438 0.706250 0.897773 0.707250 0.897606 0.707250 0.897274 0.708250 0.896941 0.708750 0.896775 0.708750 0.896110 0.710000 0.895113 0.710000 0.894448 0.710500 0.893949 0.711250 0.893949 0.711500 0.892952 0.713250 0.892786 0.714000 0.892287 0.714750 0.891955 0.715750 0.891955 0.716500 0.891789 0.716750 0.891789 0.717500 0.891622 0.717750 0.891622 0.718500 0.891456 0.718750 0.891456 0.719750 0.890957 0.720750 0.890957 0.721250 0.890625 0.721750 0.890625 0.722500 0.889960 0.723750 0.889960 0.725000 0.890459 0.725500 0.891789 0.725500 0.892121 0.725250 0.892620 0.724250 0.892786 0.723500 0.894282 0.721250 0.895113 0.720750 0.895445 0.719750 0.895778 0.719750 0.895778 0.719500 0.896110 0.719000 0.896110 0.718000 0.896443 0.717750 0.896443 0.717250 0.896775 0.716750 0.896941 0.716000 0.897274 0.715750 0.898105 0.714500 0.898604 0.714250 0.898936 0.713500 0.899601 0.713000 0.900432 0.711750 0.900765 0.711750 0.901430 0.711000 0.901430 0.710500 0.901762 0.710000 0.901762 0.709750 0.902094 0.709500 0.902759 0.708250 0.902759 0.708000 0.902427 0.707750 0.902759 0.707000 0.902759 0.706000 0.903092 0.705250 0.903092 0.704750
0 0.740691 0.704250 0.740193 0.704500 0.739860 0.706000 0.740525 0.708000 0.740359 0.708750 0.740359 0.711000 0.740691 0.711750 0.740691 0.713000 0.741024 0.713750 0.741024 0.715250 0.741356 0.716000 0.741356 0.717500 0.741689 0.718500 0.741689 0.719750 0.742021 0.720750 0.742021 0.721750 0.742354 0.722750 0.742354 0.723750 0.742686 0.724750 0.742686 0.725500 0.743019 0.726000 0.743850 0.728750 0.744348 0.729500 0.745013 0.731500 0.745013 0.732250 0.745678 0.734000 0.746177 0.736250 0.746177 0.737500 0.746509 0.737750 0.746676 0.738750 0.747673 0.739000 0.748172 0.738750 0.748504 0.738250 0.748670 0.737500 0.748504 0.736750 0.748504 0.734250 0.747839 0.731500 0.747839 0.730500 0.747673 0.730250 0.747507 0.728500 0.747174 0.727750 0.747174 0.726750 0.746842 0.726000 0.746842 0.725250 0.746509 0.724250 0.746509 0.723250 0.746177 0.722250 0.746177 0.721500 0.746011 0.721000 0.745512 0.720750 0.744847 0.719750 0.744847 0.717750 0.744515 0.717250 0.744515 0.716000 0.744182 0.715750 0.744182 0.715000 0.743850 0.714250 0.744016 0.713750 0.743850 0.713500 0.743850 0.712750 0.743517 0.712000 0.743517 0.711250 0.743185 0.710500 0.743019 0.709000 0.742686 0.708250 0.742686 0.707500 0.742188 0.705250 0.741689 0.704250
0 0.667387 0.705000 0.667221 0.705500 0.667886 0.707500 0.667719 0.708000 0.667719 0.708750 0.667553 0.709000 0.667553 0.712500 0.667719 0.712750 0.667719 0.713750 0.667886 0.714000 0.667886 0.716000 0.668218 0.716250 0.669714 0.716250 0.670047 0.715750 0.670047 0.715000 0.670379 0.714500 0.670545 0.714500 0.670545 0.712000 0.670878 0.711000 0.671376 0.712500 0.671543 0.716250 0.671875 0.717250 0.671875 0.718250 0.672374 0.719750 0.673870 0.719750 0.674036 0.719250 0.674036 0.717000 0.673703 0.716250 0.673703 0.714500 0.673537 0.714250 0.673537 0.713250 0.673371 0.713000 0.673371 0.710250 0.673205 0.710000 0.673205 0.708000 0.672872 0.707000 0.672872 0.704750 0.672540 0.704000 0.672706 0.703750 0.672207 0.703000 0.671376 0.703000 0.670878 0.703500 0.670878 0.705000 0.671376 0.705750 0.671376 0.706250 0.670878 0.707250 0.670878 0.709500 0.670711 0.709750 0.670379 0.709500 0.670379 0.708750 0.670213 0.708500 0.670379 0.708000 0.670047 0.707500 0.669880 0.706250 0.669215 0.705000 0.668551 0.705000 0.668384 0.704750
0 0.539727 0.702750 0.539395 0.702500 0.538398 0.702750 0.536237 0.705750 0.536070 0.705750 0.534741 0.707500 0.534242 0.707750 0.532912 0.710000 0.532247 0.710500 0.531084 0.712000 0.530751 0.712000 0.530253 0.712500 0.530253 0.712750 0.529920 0.713000 0.529588 0.714000 0.529089 0.714750 0.525100 0.718750 0.524601 0.719500 0.522939 0.721000 0.522773 0.721500 0.523438 0.721750 0.523770 0.721250 0.524102 0.721250 0.524269 0.721000 0.524435 0.721250 0.525100 0.721250 0.525931 0.720250 0.526263 0.720250 0.526928 0.719250 0.527427 0.719250 0.529920 0.717250 0.530419 0.717250 0.530918 0.716750 0.531250 0.716750 0.531915 0.715750 0.532414 0.715750 0.532912 0.714500 0.534242 0.712500 0.534242 0.712000 0.534741 0.711250 0.534741 0.711000 0.535073 0.710500 0.535904 0.710000 0.536403 0.709250 0.536902 0.709000 0.537068 0.708000 0.537400 0.707750 0.537566 0.707250 0.538065 0.707250 0.538231 0.707000 0.538231 0.706500 0.538896 0.706000 0.539561 0.705000 0.539561 0.704500 0.539894 0.703750
0 0.543551 0.688750 0.543384 0.688500 0.542886 0.688500 0.542719 0.688750 0.542221 0.689000 0.542221 0.689500 0.541888 0.690000 0.541057 0.690000 0.539894 0.691500 0.539727 0.691500 0.539229 0.692000 0.538896 0.692000 0.538564 0.692500 0.538231 0.692500 0.538065 0.692750 0.537899 0.692750 0.536735 0.693750 0.536403 0.693750 0.536237 0.694000 0.536070 0.694000 0.535738 0.694500 0.535572 0.694500 0.535239 0.695000 0.534907 0.695000 0.534741 0.695250 0.534242 0.695500 0.533910 0.696000 0.533743 0.696000 0.533577 0.696250 0.533577 0.696500 0.532414 0.698500 0.531915 0.698750 0.531582 0.699250 0.531416 0.700000 0.531582 0.700000 0.531749 0.700250 0.532247 0.700250 0.532414 0.700000 0.533245 0.699500 0.533743 0.698750 0.534242 0.698500 0.535073 0.697250 0.535572 0.697250 0.535738 0.697000 0.535904 0.697000 0.536403 0.696250 0.536902 0.696000 0.537234 0.695500 0.537400 0.695500 0.538231 0.694750 0.538730 0.694750 0.539062 0.694250 0.539395 0.694250 0.539561 0.694000 0.539727 0.694000 0.539894 0.693750 0.540226 0.693750 0.540725 0.693250 0.541057 0.693250 0.541390 0.692750 0.542221 0.692250 0.543218 0.691000 0.543218 0.690500 0.543551 0.690000
0 0.559674 0.687750 0.559508 0.687500 0.558012 0.687500 0.557680 0.688000 0.557181 0.688000 0.556682 0.688500 0.556350 0.688500 0.556184 0.688750 0.555352 0.689000 0.554854 0.689500 0.554521 0.689500 0.554023 0.690000 0.553690 0.690000 0.553524 0.690250 0.553191 0.690250 0.553025 0.690500 0.551529 0.690500 0.551031 0.691000 0.550199 0.691250 0.550033 0.691500 0.550033 0.691750 0.549535 0.692250 0.549535 0.692500 0.549202 0.693000 0.549202 0.693250 0.549036 0.693500 0.548537 0.693750 0.548205 0.694250 0.548205 0.695000 0.548371 0.695250 0.549368 0.695250 0.549535 0.695000 0.549867 0.695000 0.550033 0.694750 0.550864 0.694750 0.551197 0.694250 0.551363 0.694250 0.551862 0.693750 0.553690 0.693750 0.554854 0.694750 0.555352 0.694750 0.555851 0.695250 0.556350 0.695250 0.556682 0.695750 0.558344 0.695750 0.558843 0.695250 0.559840 0.695250 0.560007 0.695000 0.560007 0.694750 0.559508 0.694000 0.559176 0.694000 0.558843 0.693500 0.558344 0.693500 0.557846 0.693000 0.557513 0.693000 0.557015 0.692250 0.557015 0.692000 0.558344 0.690000 0.558344 0.689750 0.558511 0.689500 0.558677 0.689500 0.559674 0.688000
0 0.433677 0.687250 0.433344 0.687000 0.432680 0.687500 0.431350 0.687750 0.429355 0.689000 0.425366 0.690000 0.424202 0.691000 0.419382 0.692500 0.414894 0.695000 0.412400 0.697000 0.410572 0.697500 0.407247 0.699250 0.405751 0.702250 0.402593 0.705250 0.402261 0.706000 0.402926 0.706000 0.406084 0.702750 0.408245 0.702500 0.409574 0.700250 0.410073 0.700250 0.411403 0.699250 0.413231 0.698750 0.414062 0.697750 0.417387 0.695250 0.418052 0.695250 0.419548 0.694250 0.421709 0.694250 0.422540 0.693750 0.423537 0.693750 0.425199 0.692750 0.428856 0.691750 0.431184 0.690250 0.431682 0.690250 0.433677 0.688750 0.433677 0.688250 0.433344 0.688000
0 0.552859 0.686000 0.552693 0.685750 0.552360 0.685750 0.552194 0.685500 0.551862 0.685500 0.551695 0.685750 0.551197 0.685750 0.550698 0.686500 0.550199 0.686750 0.549701 0.687500 0.549535 0.687500 0.549036 0.688000 0.548703 0.688000 0.548371 0.688500 0.547872 0.688750 0.547540 0.689250 0.547041 0.689500 0.546709 0.690000 0.546543 0.690000 0.546376 0.690250 0.545878 0.690500 0.545545 0.691000 0.545379 0.691000 0.545047 0.691500 0.544880 0.691500 0.544049 0.692500 0.543883 0.692500 0.543717 0.692750 0.543218 0.693000 0.543052 0.693250 0.543052 0.693500 0.542719 0.694000 0.542719 0.694250 0.542553 0.694500 0.542387 0.695250 0.542719 0.695750 0.543218 0.695750 0.543384 0.695500 0.543551 0.695500 0.543717 0.695250 0.544215 0.695000 0.544714 0.694250 0.545047 0.694250 0.545379 0.693750 0.545711 0.693750 0.546044 0.693250 0.546210 0.693250 0.546376 0.693000 0.546543 0.693000 0.546709 0.692750 0.546875 0.692750 0.547374 0.692250 0.547706 0.692250 0.547872 0.692000 0.548039 0.692000 0.548205 0.691750 0.548205 0.691500 0.548537 0.691000 0.548703 0.691000 0.548870 0.690750 0.549368 0.690500 0.549701 0.690000 0.549867 0.690000 0.550864 0.688500 0.550864 0.688000 0.551031 0.687750 0.551529 0.687500 0.551862 0.687000 0.552194 0.687000
0 0.738198 0.675250 0.737866 0.675500 0.737699 0.676000 0.737699 0.676750 0.737866 0.677000 0.737866 0.677500 0.738198 0.678000 0.738032 0.678250 0.737533 0.678250 0.737201 0.678750 0.737201 0.679000 0.737533 0.679750 0.737533 0.680250 0.737699 0.680500 0.737866 0.681750 0.738198 0.682500 0.738198 0.683000 0.738697 0.684500 0.738697 0.685000 0.738863 0.685250 0.739029 0.686500 0.739362 0.687250 0.739362 0.688250 0.739694 0.689250 0.739362 0.689750 0.739362 0.690500 0.739694 0.691250 0.739694 0.691750 0.739860 0.692000 0.739860 0.692500 0.740027 0.692750 0.740027 0.693250 0.740193 0.693500 0.740193 0.694000 0.740525 0.695000 0.740525 0.695750 0.740691 0.696000 0.740691 0.697000 0.741190 0.698500 0.741523 0.698750 0.742520 0.698750 0.742852 0.698250 0.742686 0.698000 0.742686 0.697000 0.742520 0.696750 0.742520 0.696000 0.742188 0.695000 0.742188 0.694000 0.742021 0.693750 0.742021 0.693000 0.741855 0.692750 0.741855 0.692000 0.742021 0.691750 0.742021 0.690000 0.741855 0.689750 0.741855 0.688750 0.741689 0.688500 0.741689 0.686500 0.741356 0.685750 0.741356 0.684000 0.741024 0.683250 0.741024 0.681000 0.740525 0.679500 0.740193 0.679000 0.739860 0.679000 0.739694 0.678750 0.739195 0.678750 0.738863 0.678250 0.738863 0.678000 0.739195 0.677750 0.739362 0.677250 0.739362 0.676500 0.739195 0.676250 0.739195 0.675750
0 0.043052 0.675250 0.041556 0.675250 0.041223 0.678000 0.043883 0.723000 0.045711 0.733750 0.045379 0.751750 0.041390 0.793000 0.042553 0.821500 0.041057 0.838750 0.037566 0.849250 0.033245 0.855750 0.033078 0.874250 0.034574 0.890250 0.035904 0.889750 0.037234 0.877750 0.035738 0.854250 0.039561 0.848250 0.041888 0.840000 0.044215 0.838000 0.045711 0.830500 0.045213 0.811250 0.046543 0.788750 0.048870 0.770000 0.047540 0.766250 0.048870 0.754500 0.047872 0.752750 0.048703 0.751250 0.048205 0.738500 0.049535 0.735750 0.049535 0.723750 0.046709 0.712000 0.045711 0.692000
0 0.891124 0.675000 0.890293 0.675000 0.890126 0.675250 0.889628 0.675500 0.889628 0.675750 0.889129 0.676250 0.888630 0.676250 0.888464 0.676000 0.888298 0.676250 0.887965 0.676250 0.887799 0.676500 0.887799 0.676750 0.887467 0.677250 0.887134 0.677250 0.886636 0.677750 0.886636 0.679250 0.886303 0.680000 0.886303 0.684500 0.886137 0.684750 0.886137 0.686250 0.886303 0.686500 0.886303 0.689000 0.886469 0.689250 0.886469 0.689500 0.886636 0.689500 0.886802 0.689750 0.887467 0.689750 0.887633 0.689500 0.887965 0.689500 0.888132 0.689250 0.888630 0.689000 0.888630 0.688750 0.888963 0.688000 0.889129 0.688000 0.889295 0.687750 0.889960 0.687750 0.890126 0.687500 0.890293 0.687500 0.890293 0.686750 0.890459 0.686500 0.890459 0.685750 0.890791 0.685250 0.890791 0.683250 0.891290 0.682500 0.891290 0.682250 0.891124 0.682000 0.890957 0.681250 0.891124 0.681000 0.891124 0.680500 0.891290 0.680250 0.891290 0.679500 0.891622 0.678750 0.891622 0.675500
0 0.590758 0.675500 0.590924 0.675750 0.590758 0.676000 0.591257 0.676750 0.591423 0.676750 0.591589 0.677000 0.591589 0.677250 0.591922 0.677750 0.591922 0.678000 0.592254 0.678500 0.592254 0.678750 0.592420 0.679000 0.592420 0.679250 0.592753 0.679750 0.592753 0.680500 0.592919 0.680500 0.593584 0.681500 0.593584 0.681750 0.593750 0.682000 0.593750 0.682250 0.594415 0.683250 0.594581 0.683250 0.594747 0.683500 0.594914 0.683500 0.595080 0.683750 0.595578 0.683750 0.595745 0.684000 0.595911 0.684000 0.596077 0.684250 0.596576 0.684250 0.596742 0.684000 0.596908 0.684000 0.597074 0.683750 0.597074 0.683250 0.596908 0.683250 0.596576 0.682750 0.596410 0.682750 0.596077 0.682250 0.596077 0.681250 0.595745 0.681250 0.595412 0.680750 0.595412 0.680500 0.595246 0.680250 0.595246 0.680000 0.595080 0.680000 0.594747 0.679500 0.594747 0.679000 0.594581 0.678750 0.594581 0.678500 0.594082 0.677750 0.594082 0.677500 0.593916 0.677250 0.593916 0.677000 0.593750 0.676750 0.593750 0.676500 0.593584 0.676500 0.593251 0.676000 0.592919 0.676000 0.592420 0.675250 0.592088 0.675250 0.591922 0.675000 0.591090 0.675000
0 0.552693 0.674250 0.552527 0.674000 0.551695 0.674000 0.551363 0.673500 0.551197 0.673500 0.551031 0.673250 0.550698 0.673250 0.550532 0.673500 0.550199 0.673500 0.549701 0.674250 0.549535 0.674250 0.549036 0.675000 0.548870 0.675000 0.548205 0.676000 0.548039 0.676000 0.547706 0.676500 0.547207 0.676750 0.546210 0.678250 0.546044 0.678250 0.545711 0.678750 0.545545 0.678750 0.544382 0.680500 0.544382 0.682250 0.544215 0.682500 0.544215 0.682750 0.543717 0.683500 0.543551 0.683500 0.543551 0.683750 0.543052 0.684500 0.543052 0.684750 0.543218 0.685000 0.543883 0.685000 0.544049 0.684750 0.544548 0.684500 0.545047 0.683750 0.545213 0.683750 0.545379 0.683500 0.545545 0.683500 0.545711 0.683250 0.546210 0.683000 0.546543 0.682500 0.546875 0.682500 0.547207 0.682000 0.547540 0.682000 0.547706 0.681750 0.548205 0.681750 0.548371 0.681500 0.548537 0.681500 0.548870 0.681000 0.549202 0.681000 0.549368 0.680750 0.549867 0.680500 0.550366 0.679750 0.550366 0.679500 0.550532 0.679250 0.550864 0.679250 0.551031 0.679000 0.551197 0.679000 0.551695 0.678250 0.551862 0.677500 0.552194 0.677000 0.552194 0.676500 0.552693 0.675750
0 0.349235 0.662750 0.348903 0.663250 0.348570 0.665250 0.348238 0.665750 0.347573 0.666000 0.347573 0.666250 0.348238 0.666750 0.348737 0.667750 0.352227 0.670250 0.352892 0.671250 0.353557 0.671750 0.353723 0.672250 0.353890 0.672250 0.354721 0.673500 0.355884 0.677250 0.355884 0.678250 0.356549 0.679750 0.357214 0.680500 0.359707 0.682250 0.360206 0.682250 0.360705 0.682750 0.361203 0.682500 0.361370 0.682250 0.360871 0.681500 0.360206 0.679500 0.360206 0.679000 0.359541 0.677500 0.359375 0.676500 0.358378 0.674500 0.358378 0.674000 0.357713 0.673000 0.357879 0.672750 0.358710 0.672750 0.359043 0.672250 0.360705 0.672500 0.361037 0.672000 0.360871 0.671750 0.359874 0.671500 0.358876 0.670500 0.359707 0.670000 0.359707 0.669750 0.358876 0.669500 0.358378 0.669000 0.357713 0.669000 0.357214 0.668500 0.356882 0.668500 0.354555 0.666500 0.353391 0.666250 0.352892 0.665750 0.352061 0.665500 0.351729 0.665000 0.350399 0.664000 0.350066 0.663500 0.350066 0.663000 0.349900 0.662750
0 0.858211 0.660250 0.858211 0.660500 0.858378 0.660750 0.859541 0.660750 0.859707 0.660500 0.859707 0.660000 0.858378 0.660000
0 0.674867 0.659500 0.674535 0.660000 0.674368 0.660000 0.674368 0.660250 0.674535 0.660500 0.674535 0.661500 0.675033 0.662500 0.675033 0.663250 0.675199 0.663500 0.675199 0.665000 0.675532 0.665750 0.675532 0.672250 0.675199 0.673000 0.675033 0.674500 0.674867 0.674750 0.674701 0.679250 0.674535 0.679500 0.674535 0.680500 0.674368 0.680750 0.674368 0.683500 0.674701 0.684000 0.674701 0.684750 0.674535 0.685000 0.674535 0.686500 0.674701 0.686750 0.675199 0.686750 0.675532 0.687000 0.675698 0.686750 0.676363 0.686750 0.676363 0.684000 0.677693 0.683000 0.677693 0.682250 0.677527 0.682000 0.677693 0.680000 0.678025 0.679750 0.678025 0.679250 0.678524 0.678750 0.678524 0.678000 0.679023 0.677500 0.679189 0.675500 0.679355 0.675250 0.679355 0.673000 0.679688 0.672250 0.679688 0.671750 0.679355 0.671000 0.679355 0.670250 0.679521 0.669750 0.679023 0.668500 0.679023 0.668000 0.678690 0.667500 0.677859 0.667500 0.677693 0.667250 0.677693 0.665500 0.677194 0.663750 0.677194 0.662500 0.676862 0.661750 0.676695 0.660250 0.675864 0.659500
0 0.881150 0.653250 0.879987 0.653250 0.879820 0.653500 0.879654 0.653500 0.879654 0.653750 0.879488 0.654000 0.879488 0.655250 0.879322 0.655500 0.879322 0.656750 0.879156 0.657000 0.879156 0.660250 0.879322 0.660500 0.879322 0.665000 0.879156 0.665250 0.879156 0.674000 0.878989 0.674250 0.878989 0.675250 0.878823 0.675500 0.878823 0.676750 0.879322 0.677250 0.879820 0.677250 0.879987 0.677000 0.880153 0.677000 0.880153 0.676750 0.880319 0.676500 0.880319 0.674750 0.880485 0.674500 0.880485 0.673500 0.880652 0.673250 0.880652 0.671500 0.880818 0.671250 0.881316 0.671000 0.881316 0.670750 0.881483 0.670500 0.881483 0.669250 0.881316 0.669000 0.881316 0.666500 0.881483 0.666250 0.881483 0.664500 0.881316 0.664250 0.881316 0.661750 0.881150 0.661500 0.881150 0.656750 0.881316 0.656500 0.881316 0.653500
0 0.886137 0.652750 0.884973 0.652750 0.884641 0.653250 0.884641 0.655250 0.884475 0.655500 0.884475 0.656250 0.884309 0.656500 0.884309 0.659750 0.884142 0.660000 0.884142 0.660750 0.884475 0.661250 0.884475 0.661750 0.884641 0.662000 0.884807 0.662000 0.884973 0.662250 0.885472 0.662250 0.885638 0.662000 0.885805 0.662000 0.885971 0.661750 0.885971 0.657750 0.886137 0.657500 0.886137 0.656000 0.886303 0.655750 0.886303 0.654000 0.886469 0.653750 0.886469 0.653250
0 0.408078 0.649250 0.406749 0.649000 0.406084 0.649750 0.404255 0.654250 0.403258 0.655750 0.401596 0.660750 0.398604 0.666500 0.396941 0.672000 0.393617 0.678000 0.391622 0.683750 0.391622 0.684500 0.390957 0.686500 0.390957 0.687750 0.390293 0.689000 0.390126 0.690500 0.388630 0.696000 0.388797 0.697250 0.390126 0.697250 0.390791 0.696250 0.390791 0.695250 0.391124 0.694750 0.392786 0.687250 0.393451 0.685500 0.393451 0.684000 0.393783 0.683750 0.394614 0.680750 0.395113 0.680250 0.395944 0.678000 0.399102 0.672250 0.399601 0.670000 0.401430 0.665500 0.403092 0.662750 0.405253 0.657000 0.405253 0.656250 0.407414 0.653250 0.408411 0.650250
0 0.893451 0.648250 0.892453 0.648250 0.892287 0.648500 0.892121 0.648500 0.891955 0.648750 0.891955 0.649000 0.891789 0.649250 0.891622 0.649250 0.891290 0.649750 0.891290 0.651500 0.891124 0.651750 0.891124 0.654750 0.890957 0.655000 0.890957 0.660750 0.890791 0.661000 0.890791 0.662000 0.890957 0.662250 0.890957 0.662500 0.892121 0.662500 0.892287 0.662250 0.892287 0.658750 0.892620 0.658250 0.892952 0.658250 0.893118 0.658000 0.893451 0.658000 0.893617 0.657750 0.893783 0.657750 0.893783 0.654500 0.894116 0.653750 0.894116 0.650750 0.893949 0.650500 0.893949 0.648750
0 0.867354 0.646000 0.867021 0.646000 0.866855 0.645750 0.866190 0.645750 0.866024 0.646000 0.865691 0.646000 0.865193 0.646750 0.865193 0.647000 0.864694 0.647750 0.864694 0.648000 0.864528 0.648250 0.864528 0.649000 0.864362 0.649250 0.864362 0.649750 0.864195 0.650000 0.864195 0.650250 0.864029 0.650500 0.864029 0.650750 0.863697 0.651500 0.863697 0.652250 0.863364 0.653000 0.863364 0.653750 0.863198 0.654000 0.863198 0.654750 0.863032 0.655000 0.863032 0.655500 0.862866 0.655750 0.862866 0.656500 0.862699 0.656750 0.862699 0.657250 0.862533 0.657500 0.862533 0.658750 0.862367 0.659000 0.862367 0.660000 0.862533 0.660250 0.864029 0.660250 0.864195 0.660000 0.864195 0.659750 0.864362 0.659500 0.864362 0.659250 0.864528 0.659000 0.864528 0.658750 0.864694 0.658500 0.864694 0.658250 0.865027 0.657750 0.865027 0.657250 0.865193 0.657000 0.865193 0.656500 0.865525 0.655750 0.865525 0.654250 0.865691 0.654000 0.865691 0.653500 0.866024 0.652750 0.866024 0.652000 0.866190 0.651750 0.866190 0.651500 0.866523 0.650750 0.866523 0.650000 0.866855 0.649500 0.866855 0.649000 0.867021 0.648750 0.867021 0.648500 0.867354 0.647750
0 0.989362 0.643000 0.989362 0.644250 0.989528 0.644250 0.990027 0.645250 0.990691 0.645750 0.990691 0.646000 0.992354 0.648500 0.992520 0.649500 0.993019 0.650000 0.993019 0.651000 0.993351 0.651500 0.993351 0.652500 0.993185 0.652750 0.993351 0.653250 0.993351 0.654000 0.994182 0.655250 0.994348 0.655750 0.994348 0.656500 0.994681 0.657000 0.994681 0.659250 0.995346 0.660750 0.995346 0.661500 0.995678 0.662500 0.996011 0.663000 0.996011 0.664500 0.996343 0.665250 0.996343 0.666250 0.996509 0.666500 0.996509 0.667250 0.996676 0.667750 0.998504 0.667750 0.998836 0.667000 0.998670 0.666750 0.998670 0.665750 0.999003 0.665250 0.999335 0.665250 0.999335 0.664750 0.999003 0.664000 0.999003 0.663250 0.998670 0.662250 0.998670 0.661500 0.998504 0.661250 0.998338 0.660000 0.997673 0.658250 0.997673 0.657000 0.997507 0.656750 0.997507 0.656000 0.997340 0.655750 0.997340 0.655000 0.997174 0.654750 0.997174 0.653500 0.996842 0.652750 0.996842 0.652000 0.996509 0.651750 0.996343 0.650500 0.995678 0.649250 0.995512 0.648000 0.995180 0.647500 0.995180 0.646750 0.994847 0.646000 0.994847 0.645500 0.994515 0.644500 0.994348 0.644500 0.994182 0.644000 0.992686 0.644000 0.992354 0.643000 0.991855 0.642500 0.990027 0.642500
0 0.190658 0.650250 0.190991 0.650750 0.195312 0.651000 0.196975 0.651750 0.201463 0.651750 0.207114 0.653500 0.207613 0.653250 0.211436 0.653250 0.212267 0.652750 0.215093 0.652750 0.215758 0.652250 0.219747 0.652250 0.221077 0.651750 0.221410 0.651250 0.221243 0.650750 0.220246 0.650000 0.209608 0.650000 0.208777 0.649500 0.207447 0.649500 0.206782 0.649250 0.206283 0.648500 0.206449 0.647500 0.207114 0.646000 0.207114 0.644500 0.206782 0.644000 0.201297 0.644000 0.200299 0.643500 0.198803 0.643500 0.197141 0.642500 0.195312 0.642750 0.195479 0.643750 0.195312 0.644250
0 0.405751 0.637750 0.402094 0.638000 0.397939 0.643250 0.392287 0.658000 0.388630 0.672000 0.385638 0.678250 0.383477 0.691000 0.376828 0.675500 0.369515 0.665250 0.361536 0.657250 0.354388 0.656500 0.361702 0.667750 0.370678 0.674500 0.375000 0.683750 0.377992 0.687000 0.381316 0.697000 0.382646 0.705500 0.385971 0.712000 0.386636 0.717500 0.387965 0.719000 0.391124 0.717750 0.391456 0.724000 0.392287 0.724500 0.393451 0.724000 0.393949 0.716750 0.396609 0.705000 0.396277 0.701750 0.394448 0.702250 0.391955 0.712500 0.394282 0.695000 0.399767 0.686750 0.401430 0.680000 0.405918 0.674000 0.408743 0.663250 0.406416 0.663000 0.401596 0.668500 0.400266 0.675000 0.394282 0.686750 0.391456 0.695250 0.389295 0.715500 0.388464 0.707000 0.385805 0.696250 0.388132 0.681250 0.390791 0.676250 0.396110 0.657500 0.399767 0.651250 0.402261 0.642750 0.407247 0.639250
0 0.857547 0.637750 0.857214 0.638250 0.857547 0.638750 0.857713 0.638750 0.857879 0.639000 0.857879 0.640500 0.858045 0.640750 0.858045 0.641500 0.858211 0.641750 0.858211 0.642750 0.858378 0.643000 0.858378 0.643500 0.858544 0.643750 0.860206 0.643750 0.860206 0.643500 0.860372 0.643250 0.860372 0.638750 0.860206 0.638500 0.860206 0.637750 0.859874 0.637250 0.858544 0.637250 0.858378 0.637500 0.858211 0.637500 0.858045 0.637750
0 0.097074 0.637250 0.094747 0.637000 0.091423 0.638000 0.089096 0.638000 0.080286 0.641000 0.077128 0.641500 0.074136 0.643000 0.072972 0.644000 0.070811 0.644750 0.066157 0.647750 0.055851 0.650750 0.057347 0.651750 0.060339 0.651750 0.063830 0.650250 0.070312 0.648750 0.073138 0.647750 0.078790 0.644750 0.084940 0.642750 0.086602 0.641750 0.091423 0.640250 0.092586 0.640250 0.093085 0.639750 0.095745 0.639500 0.096410 0.638250 0.097074 0.638000
0 0.320146 0.637000 0.320146 0.638250 0.320645 0.639750 0.320811 0.639750 0.320977 0.640250 0.321144 0.640250 0.321809 0.641250 0.322141 0.642250 0.322307 0.642250 0.323138 0.643500 0.323637 0.643750 0.323969 0.644250 0.324302 0.644250 0.324634 0.644750 0.325798 0.645750 0.326297 0.645750 0.326629 0.646000 0.326795 0.646500 0.327128 0.646750 0.327460 0.646750 0.327959 0.647250 0.329122 0.647250 0.329289 0.647750 0.329621 0.647750 0.329787 0.648250 0.329953 0.648250 0.330452 0.649000 0.330618 0.649750 0.331283 0.649750 0.331948 0.649000 0.331948 0.646750 0.332281 0.646000 0.332281 0.645000 0.332613 0.644500 0.332613 0.643500 0.332945 0.643000 0.332945 0.642500 0.333610 0.641500 0.333610 0.640500 0.333943 0.639750 0.334441 0.639750 0.334608 0.639500 0.334275 0.639000 0.332945 0.638000 0.332613 0.637500 0.332613 0.637250 0.331948 0.636500 0.329122 0.636500 0.328790 0.636000 0.325299 0.636000 0.324801 0.636500 0.324468 0.636500 0.324468 0.637250 0.324634 0.637500 0.324468 0.637750 0.324136 0.637750 0.323969 0.637500 0.322307 0.637500 0.321975 0.637000
0 0.362533 0.635250 0.362367 0.635000 0.361370 0.635000 0.360871 0.636000 0.358710 0.636000 0.358378 0.636500 0.358045 0.636500 0.356882 0.637500 0.356549 0.637500 0.356217 0.637000 0.355552 0.637000 0.355386 0.637750 0.355053 0.638250 0.355053 0.638750 0.354721 0.639750 0.354388 0.640000 0.354222 0.640750 0.352726 0.643000 0.352061 0.643500 0.350898 0.645250 0.350233 0.645750 0.349235 0.647250 0.348404 0.648000 0.348072 0.649000 0.347573 0.649750 0.347407 0.650500 0.346742 0.651500 0.345911 0.654250 0.345246 0.655250 0.344415 0.656000 0.344415 0.656750 0.345911 0.656750 0.346410 0.656250 0.346908 0.656250 0.347573 0.655750 0.348238 0.655750 0.348570 0.655250 0.349069 0.655000 0.349900 0.653750 0.350565 0.653250 0.350898 0.653250 0.351230 0.652750 0.351729 0.652500 0.352726 0.651000 0.353391 0.650500 0.353557 0.649750 0.354056 0.649250 0.354056 0.648750 0.355386 0.647000 0.355386 0.646500 0.355552 0.646250 0.356051 0.646000 0.356217 0.645000 0.356715 0.644500 0.356882 0.643750 0.357547 0.643000 0.358378 0.641250 0.358710 0.641250 0.359209 0.640250 0.359541 0.640250 0.359707 0.640000 0.359707 0.639500 0.360539 0.638250 0.360871 0.638250 0.361536 0.636750 0.361868 0.636500
0 0.066988 0.634750 0.064827 0.634500 0.057680 0.637000 0.052028 0.638000 0.043384 0.642500 0.037566 0.647000 0.032912 0.649000 0.028258 0.650000 0.025100 0.651500 0.018783 0.653250 0.016789 0.654500 0.015957 0.656250 0.017453 0.656500 0.019614 0.655250 0.026097 0.653250 0.027593 0.653250 0.028258 0.654250 0.030751 0.654250 0.038065 0.650500 0.042719 0.649000 0.053025 0.641250 0.058178 0.638500 0.059840 0.638250 0.061170 0.637250 0.065658 0.635750
0 0.294880 0.625500 0.293883 0.625500 0.292221 0.627750 0.291556 0.628000 0.288398 0.630500 0.287400 0.631000 0.286902 0.632000 0.285406 0.633000 0.284741 0.634250 0.284907 0.636750 0.285073 0.637000 0.285239 0.638750 0.285572 0.639500 0.285572 0.642500 0.285904 0.643250 0.286070 0.644750 0.286237 0.645000 0.286237 0.646000 0.286569 0.646750 0.286569 0.647750 0.287400 0.650750 0.287400 0.653250 0.287234 0.653500 0.287234 0.654500 0.287899 0.655250 0.287899 0.656000 0.288065 0.656250 0.289561 0.656250 0.289727 0.656000 0.289727 0.655500 0.290392 0.654500 0.291223 0.652250 0.292387 0.650500 0.292387 0.649500 0.293052 0.648750 0.293218 0.646750 0.294049 0.645500 0.294049 0.644250 0.293883 0.644000 0.294382 0.643250 0.294714 0.643250 0.294714 0.642500 0.295047 0.642000 0.295047 0.639500 0.295379 0.638500 0.295379 0.637750 0.295213 0.637500 0.295379 0.626250 0.295213 0.626250
0 0.518118 0.622250 0.517287 0.622500 0.516955 0.628500 0.516124 0.629500 0.514960 0.641000 0.514295 0.643250 0.513963 0.648250 0.513298 0.651500 0.513298 0.657250 0.511303 0.663750 0.509641 0.676750 0.509641 0.679000 0.510971 0.680000 0.511636 0.681500 0.511636 0.682500 0.512965 0.684750 0.513963 0.692250 0.514628 0.695250 0.515126 0.696000 0.514794 0.697500 0.515957 0.699250 0.515957 0.700500 0.516955 0.702750 0.517786 0.702500 0.517620 0.698750 0.518118 0.693500 0.518451 0.693000 0.518451 0.685500 0.517786 0.680750 0.517786 0.660000 0.517453 0.659000 0.517453 0.652000 0.517786 0.651750 0.517786 0.643500 0.518118 0.642750 0.518118 0.632000 0.518451 0.631500 0.519116 0.624000
0 0.761636 0.616000 0.762467 0.618500 0.763464 0.625750 0.764461 0.627750 0.764794 0.629750 0.764628 0.631000 0.766622 0.638250 0.768617 0.641250 0.770113 0.645250 0.771110 0.645500 0.771609 0.646250 0.772274 0.649000 0.773604 0.651500 0.775931 0.659000 0.780086 0.666750 0.781250 0.671750 0.782081 0.672750 0.783910 0.677500 0.784741 0.678500 0.786070 0.678000 0.786237 0.677500 0.785738 0.676000 0.785073 0.675250 0.783910 0.672250 0.783078 0.668250 0.779089 0.659750 0.777094 0.654250 0.776263 0.650750 0.775432 0.649750 0.773770 0.644750 0.772606 0.639500 0.769116 0.633500 0.766124 0.621750 0.765459 0.616000 0.763797 0.615000
0 0.612035 0.599500 0.611536 0.599250 0.609874 0.599500 0.608544 0.600500 0.607048 0.602750 0.606383 0.605250 0.605386 0.606750 0.604887 0.608250 0.603723 0.610250 0.603391 0.611750 0.602560 0.613000 0.601396 0.619000 0.600898 0.620250 0.599568 0.622000 0.598072 0.625250 0.598072 0.626000 0.596908 0.628750 0.594082 0.634250 0.593085 0.638000 0.593085 0.639000 0.591922 0.641500 0.591755 0.642750 0.592586 0.643000 0.594249 0.642250 0.595578 0.639250 0.597739 0.635750 0.600898 0.629000 0.601562 0.628250 0.601729 0.627250 0.602892 0.624750 0.603059 0.624000 0.602726 0.623750 0.603225 0.622250 0.603557 0.622000 0.603557 0.620750 0.604222 0.619750 0.604555 0.617000 0.606217 0.611750 0.608211 0.608750 0.608544 0.607250 0.609209 0.606250 0.609874 0.604000 0.612035 0.600250
0 0.714927 0.581500 0.714428 0.583000 0.715426 0.589500 0.715592 0.593750 0.716755 0.597500 0.716589 0.598750 0.717254 0.600000 0.717753 0.603250 0.720745 0.609250 0.722906 0.620500 0.722573 0.621750 0.722906 0.626750 0.723903 0.630250 0.723903 0.632250 0.724734 0.634750 0.725565 0.640500 0.727892 0.647000 0.728723 0.654250 0.730718 0.662500 0.731051 0.669250 0.732380 0.672750 0.734209 0.672750 0.733378 0.659500 0.732048 0.651000 0.732380 0.647250 0.731549 0.643750 0.731715 0.642250 0.730884 0.639250 0.730386 0.634000 0.728059 0.627750 0.727061 0.620750 0.725898 0.615750 0.724734 0.614000 0.724568 0.611250 0.719249 0.597500 0.717919 0.595750 0.716423 0.582000
0 0.930685 0.583750 0.928690 0.582500 0.927194 0.582500 0.926529 0.582250 0.925864 0.581500 0.925033 0.581500 0.924867 0.581250 0.920213 0.582000 0.919382 0.582750 0.918218 0.583000 0.916556 0.584000 0.915226 0.584000 0.914727 0.584500 0.912899 0.584750 0.910239 0.585750 0.907247 0.588500 0.906582 0.588500 0.903923 0.590750 0.902759 0.591000 0.901762 0.591750 0.902094 0.592250 0.904588 0.592250 0.905253 0.591750 0.907580 0.591750 0.908743 0.591250 0.910406 0.589750 0.912068 0.589000 0.912566 0.588500 0.915226 0.587750 0.916390 0.587000 0.919215 0.586750 0.920047 0.586250 0.924036 0.586250 0.925199 0.585750 0.926529 0.585750 0.927360 0.585250 0.928690 0.585000 0.929355 0.584500 0.930685 0.584250
0 0.477227 0.576250 0.476895 0.577000 0.477227 0.577500 0.477227 0.577750 0.477394 0.578000 0.477394 0.579250 0.477726 0.580000 0.477726 0.580500 0.477892 0.580750 0.477892 0.581000 0.478225 0.581500 0.478225 0.581750 0.478557 0.582250 0.478557 0.582500 0.478391 0.582750 0.478391 0.584000 0.478225 0.584250 0.478225 0.585000 0.478391 0.585250 0.478225 0.585500 0.478225 0.585750 0.477892 0.586250 0.478059 0.586500 0.478059 0.586750 0.478391 0.586750 0.478723 0.587250 0.480053 0.587250 0.480386 0.587750 0.481549 0.587750 0.481882 0.587250 0.482547 0.587250 0.482713 0.587000 0.482713 0.586750 0.482879 0.586500 0.482879 0.586000 0.483045 0.585750 0.483045 0.582500 0.482879 0.582250 0.482879 0.581750 0.482713 0.581500 0.482713 0.581000 0.482547 0.580750 0.482380 0.580750 0.482214 0.580500 0.482048 0.580500 0.481715 0.580000 0.481549 0.580000 0.480884 0.579000 0.480718 0.579000 0.480386 0.578500 0.480386 0.578250 0.480219 0.578000 0.480053 0.578000 0.479721 0.577500 0.479222 0.577500 0.478723 0.576750 0.478557 0.576750 0.478391 0.576500 0.478059 0.576500 0.477892 0.576250
0 0.388464 0.574000 0.387301 0.574000 0.385306 0.575500 0.381815 0.579500 0.380319 0.580250 0.377826 0.583250 0.376164 0.584500 0.374668 0.586750 0.373836 0.590500 0.373172 0.592000 0.373172 0.592500 0.372673 0.593500 0.372340 0.595000 0.372008 0.595500 0.372008 0.596500 0.371676 0.597250 0.371676 0.598250 0.371509 0.598500 0.371509 0.599250 0.371842 0.599750 0.371177 0.600750 0.371343 0.601000 0.371842 0.601000 0.372174 0.600750 0.372340 0.600250 0.372839 0.600000 0.373005 0.599250 0.373504 0.598750 0.373670 0.597750 0.374003 0.597250 0.374834 0.596750 0.375332 0.595750 0.376330 0.595000 0.376662 0.594250 0.378158 0.593500 0.379322 0.592250 0.379322 0.591750 0.380153 0.590750 0.380652 0.589500 0.380652 0.589000 0.380984 0.588500 0.380984 0.587750 0.381649 0.586500 0.381649 0.585750 0.382314 0.585000 0.382646 0.584000 0.383311 0.583500 0.384142 0.582250 0.384641 0.582250 0.385306 0.581250 0.386469 0.580500 0.387633 0.578500 0.388797 0.577000 0.388797 0.576500 0.389129 0.576000 0.389129 0.575000
0 0.851729 0.568750 0.851396 0.569250 0.851396 0.570000 0.852394 0.572250 0.852560 0.573250 0.853391 0.574250 0.853723 0.574250 0.854222 0.575000 0.854222 0.575500 0.855219 0.576250 0.856383 0.578000 0.861370 0.588500 0.861370 0.589500 0.861702 0.590000 0.862035 0.591750 0.862367 0.592000 0.862699 0.593500 0.863531 0.595250 0.863697 0.596750 0.864362 0.597250 0.864362 0.598000 0.864860 0.598250 0.865858 0.601000 0.866523 0.604000 0.866523 0.605250 0.867354 0.608250 0.868684 0.609750 0.869182 0.610000 0.870346 0.609750 0.870512 0.609000 0.869847 0.607000 0.869847 0.605750 0.869016 0.602750 0.869016 0.600750 0.867686 0.596750 0.867686 0.596000 0.866855 0.594750 0.865525 0.591500 0.864528 0.590000 0.863531 0.587250 0.860705 0.581500 0.858211 0.573750 0.857048 0.573000 0.856217 0.571500 0.853557 0.568500
0 0.032081 0.570250 0.031749 0.572000 0.031915 0.574000 0.036070 0.577000 0.039561 0.581000 0.043883 0.584500 0.045213 0.586250 0.045213 0.586750 0.045878 0.587750 0.046875 0.588500 0.048870 0.591500 0.049535 0.591750 0.049701 0.592750 0.050366 0.593750 0.052360 0.595000 0.054023 0.595000 0.055685 0.594000 0.057015 0.593750 0.057513 0.593250 0.057513 0.591500 0.057181 0.590750 0.057181 0.590000 0.055685 0.587000 0.054355 0.585750 0.051862 0.582250 0.050864 0.581250 0.048371 0.580000 0.047374 0.578500 0.046044 0.578250 0.045047 0.576750 0.044714 0.575250 0.043384 0.573750 0.039727 0.571000 0.034408 0.568500 0.033411 0.568500 0.032746 0.569000
0 0.399435 0.568000 0.398604 0.568000 0.395113 0.572000 0.392952 0.573500 0.390791 0.577750 0.388132 0.581750 0.384309 0.586250 0.383477 0.588750 0.383311 0.592250 0.381483 0.596000 0.379987 0.600750 0.379654 0.603000 0.377660 0.607250 0.374501 0.611500 0.373504 0.615000 0.371676 0.618500 0.371676 0.619750 0.371177 0.621000 0.371177 0.625000 0.371842 0.625750 0.371676 0.627750 0.372008 0.628250 0.372839 0.627750 0.373670 0.623500 0.376330 0.619250 0.379322 0.617500 0.380984 0.615500 0.381316 0.613750 0.383644 0.609500 0.383644 0.608750 0.387799 0.603000 0.389461 0.598500 0.393451 0.591750 0.393451 0.590750 0.398105 0.584500 0.397939 0.584000 0.397108 0.584000 0.395944 0.585500 0.395944 0.579250 0.395612 0.578750 0.394448 0.579000 0.393949 0.578250 0.394947 0.576000 0.399601 0.568750
0 0.431848 0.567500 0.431017 0.566500 0.428524 0.566500 0.428025 0.567000 0.427693 0.567000 0.427028 0.567500 0.426695 0.568000 0.426363 0.568000 0.425864 0.568500 0.425532 0.568500 0.424867 0.569000 0.424202 0.570000 0.423537 0.570500 0.422706 0.572000 0.422374 0.572000 0.422374 0.572250 0.422041 0.572750 0.421376 0.573250 0.420379 0.575000 0.419714 0.575500 0.419714 0.575750 0.418218 0.578000 0.418052 0.578000 0.417886 0.578500 0.417553 0.578750 0.417553 0.579000 0.417221 0.579250 0.416888 0.580000 0.416722 0.580000 0.416057 0.581000 0.416057 0.581500 0.416556 0.581750 0.417221 0.581250 0.420379 0.581250 0.421044 0.581750 0.422706 0.581750 0.423205 0.581250 0.423537 0.581250 0.424867 0.579250 0.425366 0.579000 0.426031 0.578000 0.426197 0.577000 0.427527 0.574750 0.427859 0.574750 0.428025 0.574500 0.428025 0.574000 0.428191 0.573750 0.428856 0.573750 0.429189 0.573000 0.429854 0.572750 0.430186 0.572250 0.430186 0.572000 0.431516 0.570000 0.431516 0.569500 0.431848 0.569250 0.432015 0.568750 0.432015 0.568000
0 0.353723 0.565000 0.352892 0.568000 0.353391 0.572750 0.355552 0.582000 0.358544 0.589250 0.358876 0.591750 0.358544 0.593250 0.356715 0.593500 0.355884 0.594500 0.356051 0.598250 0.360372 0.614000 0.362367 0.623750 0.364362 0.629250 0.367021 0.634250 0.369182 0.642500 0.372340 0.651750 0.374169 0.655750 0.375166 0.656500 0.375665 0.654500 0.370678 0.630750 0.368019 0.612000 0.362699 0.592750 0.360040 0.576000 0.354887 0.565000
0 0.451463 0.563000 0.451463 0.564500 0.451297 0.564750 0.451130 0.566000 0.451795 0.567000 0.451795 0.567750 0.451463 0.568500 0.451629 0.568750 0.451961 0.568750 0.452626 0.569750 0.452793 0.569750 0.453125 0.570250 0.453291 0.570250 0.453790 0.570750 0.454122 0.570750 0.454455 0.571250 0.454621 0.571250 0.455120 0.571750 0.455452 0.571750 0.455785 0.572250 0.456616 0.572750 0.457114 0.573500 0.457281 0.573500 0.457447 0.573750 0.457447 0.574000 0.457613 0.574250 0.457779 0.574250 0.457945 0.574500 0.457945 0.574750 0.458610 0.575750 0.460439 0.575750 0.461602 0.574000 0.461602 0.573000 0.461935 0.572500 0.461935 0.572000 0.462267 0.571500 0.462267 0.570000 0.461769 0.569250 0.461602 0.569250 0.461270 0.568750 0.461104 0.568750 0.460938 0.568500 0.460106 0.568500 0.459608 0.568000 0.458943 0.568000 0.458610 0.567500 0.457281 0.567500 0.456948 0.567000 0.456616 0.567000 0.455951 0.566000 0.455951 0.565000 0.455785 0.564750 0.455618 0.564750 0.455452 0.564500 0.454953 0.564500 0.454621 0.564000 0.454455 0.564000 0.453956 0.563500 0.453457 0.563500 0.452959 0.562750 0.451795 0.562750 0.451629 0.563000
0 0.691822 0.562500 0.690991 0.562500 0.690160 0.563500 0.689328 0.564000 0.689328 0.564500 0.688996 0.565500 0.688996 0.566250 0.688830 0.566500 0.688830 0.567250 0.688664 0.567500 0.688664 0.568000 0.688165 0.569500 0.688165 0.571000 0.687001 0.573000 0.686835 0.575750 0.686503 0.576750 0.686503 0.578250 0.686170 0.579000 0.686170 0.581500 0.685838 0.582250 0.685838 0.583750 0.685339 0.584750 0.685339 0.585250 0.685505 0.585750 0.687334 0.585750 0.687832 0.585000 0.688331 0.584750 0.688664 0.584250 0.688664 0.584000 0.689328 0.583250 0.689495 0.582750 0.689495 0.582000 0.690160 0.580750 0.690160 0.578750 0.690492 0.578000 0.690658 0.575250 0.691323 0.573500 0.691323 0.572500 0.691656 0.571750 0.691656 0.571000 0.691988 0.570250 0.691822 0.570000 0.691822 0.569500 0.692320 0.568250 0.692320 0.565000 0.692487 0.564750 0.692487 0.563250
0 0.339428 0.549000 0.337766 0.549750 0.335605 0.552500 0.334940 0.552000 0.334940 0.551250 0.333943 0.549250 0.333112 0.548500 0.332447 0.548500 0.331616 0.549500 0.330785 0.549250 0.329787 0.549750 0.328125 0.552000 0.327128 0.557250 0.327128 0.559750 0.325798 0.565250 0.325133 0.569500 0.323138 0.576000 0.322307 0.579750 0.321975 0.582500 0.322473 0.583750 0.322972 0.583750 0.323305 0.583250 0.324302 0.580000 0.326297 0.577250 0.326961 0.577250 0.327793 0.578750 0.327793 0.582250 0.328790 0.585250 0.329621 0.585750 0.330951 0.583750 0.331616 0.582000 0.331616 0.578500 0.332281 0.574750 0.334940 0.570750 0.336602 0.563500 0.337600 0.560500 0.337600 0.559500 0.337932 0.559250 0.338763 0.554750 0.339761 0.551750 0.339761 0.549750
0 0.557347 0.546000 0.557015 0.548750 0.556516 0.550250 0.557015 0.554000 0.557015 0.562000 0.557680 0.567000 0.557513 0.568000 0.558012 0.574000 0.557846 0.574750 0.558178 0.576000 0.558178 0.581250 0.557846 0.582750 0.557680 0.586500 0.557846 0.589250 0.557513 0.590750 0.557513 0.594000 0.557846 0.595250 0.557846 0.600500 0.557513 0.601500 0.557513 0.603000 0.557846 0.604250 0.558511 0.604500 0.559009 0.602750 0.558843 0.600250 0.559176 0.597250 0.558843 0.595000 0.559176 0.594000 0.559342 0.588250 0.559840 0.585250 0.560173 0.573750 0.560007 0.567750 0.559342 0.563250 0.558511 0.548250 0.558178 0.546250
0 0.340924 0.544000 0.340592 0.544750 0.340426 0.547750 0.341922 0.551750 0.342254 0.552000 0.342753 0.553250 0.342753 0.553750 0.343085 0.554250 0.343750 0.558250 0.345080 0.563500 0.346077 0.565750 0.347739 0.571500 0.350066 0.577250 0.350399 0.580000 0.350731 0.581000 0.351064 0.581500 0.352061 0.582000 0.352560 0.581500 0.352560 0.580750 0.352227 0.580000 0.352227 0.578750 0.352560 0.578250 0.352394 0.575000 0.351562 0.571750 0.351562 0.570750 0.350898 0.569000 0.350565 0.567000 0.350066 0.565500 0.349568 0.565000 0.349734 0.564750 0.348903 0.563000 0.347906 0.558750 0.347241 0.557000 0.346908 0.555500 0.346908 0.554250 0.343584 0.544000 0.343251 0.543500 0.341922 0.543500 0.341589 0.544000
0 0.923371 0.535250 0.920545 0.534750 0.918717 0.536500 0.916888 0.538750 0.914395 0.543750 0.911902 0.546750 0.909242 0.551000 0.908245 0.553750 0.907580 0.557000 0.906915 0.558750 0.904754 0.562000 0.903092 0.568000 0.902427 0.577500 0.902759 0.578000 0.902759 0.580750 0.904422 0.580750 0.904920 0.579500 0.904920 0.577750 0.906416 0.576750 0.906416 0.576000 0.906749 0.575750 0.907580 0.573250 0.908078 0.572750 0.908078 0.572000 0.908743 0.571000 0.909076 0.568000 0.910073 0.564750 0.910073 0.564000 0.911569 0.560250 0.912068 0.558250 0.913398 0.557250 0.914727 0.553000 0.916390 0.551000 0.918218 0.547750 0.918717 0.547500 0.918717 0.546750 0.919880 0.543750 0.920047 0.542500 0.920711 0.541500 0.920878 0.540000 0.922207 0.537500 0.923537 0.536000
0 0.757979 0.528000 0.757480 0.528250 0.756981 0.529250 0.756981 0.530250 0.756649 0.531000 0.756649 0.531750 0.755984 0.533250 0.755652 0.536250 0.755319 0.537000 0.755319 0.538750 0.754987 0.540000 0.754987 0.548000 0.755652 0.549750 0.755652 0.553500 0.755984 0.554750 0.755984 0.556750 0.756649 0.559500 0.756483 0.560250 0.757148 0.563250 0.757148 0.565250 0.757979 0.567500 0.757979 0.568750 0.758311 0.569500 0.758477 0.571000 0.759475 0.573750 0.760805 0.576250 0.762134 0.576250 0.762467 0.575750 0.762301 0.574500 0.762799 0.574000 0.762633 0.573250 0.762799 0.571750 0.762467 0.570250 0.761802 0.569250 0.761137 0.565750 0.760971 0.561750 0.760638 0.561000 0.760638 0.552000 0.759973 0.545500 0.759973 0.537500 0.759807 0.535500 0.759309 0.535000 0.759475 0.534250 0.759309 0.534000 0.759475 0.532000 0.759142 0.531000 0.759309 0.528500
0 0.189495 0.488250 0.188830 0.488500 0.187334 0.492000 0.187001 0.496250 0.186669 0.497000 0.186669 0.500250 0.186336 0.501000 0.186503 0.502250 0.186004 0.505250 0.186004 0.507750 0.183677 0.516500 0.183012 0.522250 0.181682 0.527750 0.181350 0.531500 0.181017 0.532500 0.181017 0.534750 0.180352 0.538750 0.182015 0.543250 0.181848 0.544000 0.182680 0.546750 0.184009 0.546500 0.185505 0.542000 0.185505 0.541000 0.186170 0.539750 0.186004 0.538750 0.186835 0.537000 0.186835 0.536000 0.187168 0.535500 0.187168 0.533750 0.187500 0.533500 0.187500 0.530500 0.187832 0.530000 0.187832 0.527500 0.188165 0.526750 0.188165 0.524750 0.188497 0.524250 0.188497 0.522000 0.188830 0.521250 0.189162 0.512500 0.189495 0.512000 0.189495 0.506500 0.189162 0.505250 0.189162 0.498250 0.189495 0.497500 0.189495 0.495500 0.189827 0.495000 0.189827 0.488500
0 0.677693 0.476000 0.677028 0.475750 0.676529 0.475000 0.675532 0.475000 0.674867 0.475250 0.674535 0.476000 0.674036 0.476000 0.673703 0.476500 0.672872 0.476750 0.672706 0.477250 0.672041 0.477750 0.670379 0.480000 0.669548 0.480500 0.667886 0.483500 0.667553 0.483500 0.667387 0.484000 0.666223 0.484500 0.665725 0.485250 0.664894 0.485750 0.664229 0.487500 0.663065 0.488500 0.662234 0.490500 0.662234 0.491750 0.661902 0.492000 0.661237 0.496000 0.660406 0.498750 0.660239 0.501250 0.659574 0.503750 0.659741 0.504250 0.659408 0.505000 0.659076 0.505000 0.658743 0.505500 0.658743 0.506250 0.659741 0.506000 0.661735 0.503000 0.661735 0.500750 0.662068 0.500250 0.662068 0.499500 0.662400 0.499000 0.663065 0.496500 0.663730 0.495250 0.663730 0.494500 0.664062 0.494000 0.664062 0.493000 0.665226 0.492250 0.665392 0.491250 0.666556 0.489000 0.666722 0.488000 0.667387 0.487750 0.669215 0.485000 0.670878 0.483250 0.671376 0.482000 0.672374 0.480750 0.673205 0.480500 0.673537 0.479750 0.673870 0.479750 0.674867 0.478750 0.675698 0.478500 0.676529 0.477250 0.677360 0.477000 0.677693 0.476500
0 0.186835 0.442500 0.187334 0.444000 0.188996 0.445250 0.190824 0.447750 0.193816 0.450000 0.195645 0.453000 0.195645 0.453500 0.196144 0.454250 0.196310 0.455000 0.196642 0.455250 0.197141 0.456250 0.198471 0.457250 0.198803 0.457250 0.199136 0.457750 0.199967 0.458000 0.200465 0.458500 0.200798 0.458500 0.201961 0.459250 0.202959 0.459250 0.203457 0.458750 0.204122 0.458500 0.204122 0.458250 0.202626 0.456250 0.202128 0.456000 0.201795 0.455500 0.201463 0.455500 0.200964 0.455000 0.200632 0.455000 0.199136 0.452750 0.198969 0.452750 0.197806 0.450750 0.197141 0.450250 0.196642 0.449500 0.195977 0.449000 0.195312 0.448000 0.195146 0.448000 0.194315 0.447000 0.191323 0.444750 0.190492 0.444500 0.190160 0.444000 0.189661 0.443750 0.189328 0.443250 0.188830 0.443000 0.188165 0.442250 0.187001 0.442250
0 0.588930 0.431500 0.587932 0.431000 0.587766 0.431250 0.586270 0.431250 0.586104 0.431500 0.584275 0.431750 0.582945 0.429500 0.582114 0.429000 0.581117 0.429250 0.580452 0.430250 0.580286 0.434250 0.580120 0.434500 0.579455 0.434250 0.579122 0.434750 0.579289 0.435750 0.579621 0.436000 0.579621 0.436500 0.579289 0.437000 0.579289 0.449000 0.579621 0.451250 0.579455 0.457750 0.579787 0.458750 0.579787 0.460250 0.579621 0.460500 0.579787 0.460750 0.579455 0.461750 0.579455 0.462750 0.579787 0.463000 0.579787 0.463750 0.580452 0.463750 0.582281 0.461500 0.582281 0.461000 0.582945 0.459750 0.583278 0.459750 0.583444 0.459250 0.586602 0.455750 0.586935 0.455750 0.587766 0.454250 0.587932 0.454500 0.588265 0.454000 0.590093 0.453250 0.591090 0.451750 0.591257 0.448750 0.590592 0.445750 0.590758 0.445250 0.590592 0.444250 0.590758 0.437250 0.590592 0.436000 0.590259 0.435750 0.589927 0.433250 0.589428 0.432000
0 0.754156 0.410250 0.753823 0.410500 0.753657 0.411750 0.753989 0.413000 0.754156 0.416500 0.754488 0.418000 0.754488 0.420000 0.754820 0.421000 0.754654 0.421250 0.753158 0.418750 0.752826 0.418500 0.751995 0.418750 0.751164 0.419750 0.751496 0.421000 0.752327 0.422500 0.752161 0.422750 0.751330 0.422750 0.751164 0.423250 0.752161 0.425250 0.752660 0.425750 0.753324 0.427750 0.753823 0.428500 0.753989 0.429250 0.755153 0.431000 0.755818 0.433000 0.757148 0.435000 0.757812 0.435750 0.759475 0.436500 0.759641 0.437250 0.760472 0.438250 0.761469 0.438250 0.761636 0.437500 0.760971 0.436500 0.760971 0.436000 0.761636 0.435250 0.761469 0.434750 0.760472 0.433500 0.759973 0.432000 0.759641 0.431750 0.759142 0.430500 0.759142 0.430000 0.758477 0.428250 0.758311 0.426250 0.757812 0.424750 0.757480 0.422250 0.756483 0.418500 0.756483 0.417500 0.756150 0.416500 0.756150 0.414750 0.755984 0.414500 0.755984 0.412250 0.756150 0.411500 0.755984 0.411000 0.754987 0.410250
0 0.657746 0.369500 0.656582 0.369000 0.654089 0.371250 0.652593 0.371500 0.646941 0.376500 0.644116 0.380500 0.642121 0.384500 0.639129 0.386750 0.635805 0.390750 0.633810 0.395250 0.628657 0.400000 0.624834 0.408000 0.619348 0.413750 0.615691 0.420000 0.614029 0.421000 0.607380 0.428000 0.603225 0.434500 0.603890 0.434750 0.605219 0.433750 0.612035 0.425500 0.616855 0.422000 0.620844 0.414500 0.622673 0.414250 0.626330 0.410750 0.627992 0.408250 0.629488 0.404000 0.632979 0.399250 0.635472 0.397000 0.635472 0.396000 0.636968 0.394000 0.638464 0.390250 0.644781 0.384250 0.649102 0.377750 0.652593 0.375250 0.656250 0.371750
0 0.285406 0.362750 0.285073 0.362500 0.283910 0.362750 0.282081 0.365750 0.280585 0.370750 0.279588 0.372750 0.278590 0.375750 0.276596 0.383750 0.275432 0.385500 0.275266 0.386250 0.274269 0.387500 0.274269 0.388250 0.273604 0.389000 0.272440 0.391500 0.270778 0.397750 0.270778 0.399000 0.270445 0.400000 0.269781 0.405500 0.269448 0.406500 0.269614 0.407000 0.271110 0.406750 0.271277 0.403750 0.272606 0.398500 0.273271 0.398000 0.275598 0.393000 0.275931 0.391250 0.276596 0.390000 0.279089 0.382500 0.279422 0.379000 0.280751 0.375000 0.280751 0.374250 0.281749 0.372750 0.281749 0.371750 0.282580 0.370500 0.284242 0.365750 0.285738 0.363500
0 0.187334 0.360250 0.187001 0.361500 0.190658 0.370000 0.190658 0.371500 0.196809 0.378750 0.198969 0.386000 0.201795 0.389250 0.204455 0.396500 0.206782 0.400000 0.208112 0.404000 0.207447 0.405500 0.209275 0.410250 0.212267 0.414750 0.215426 0.424000 0.218085 0.428250 0.219581 0.434500 0.218584 0.435000 0.219082 0.437000 0.217919 0.436000 0.216922 0.436750 0.219082 0.440000 0.224069 0.452000 0.225399 0.459500 0.230219 0.468250 0.236536 0.483000 0.238697 0.486000 0.240691 0.486500 0.239528 0.479500 0.236037 0.473500 0.232547 0.460750 0.231217 0.460000 0.229721 0.454250 0.226562 0.448250 0.221908 0.427500 0.219415 0.423750 0.215259 0.412750 0.210938 0.405000 0.206449 0.392000 0.201297 0.387000 0.197307 0.375500 0.193983 0.370750 0.188996 0.360750
0 0.744182 0.345000 0.743684 0.345500 0.743684 0.346000 0.744016 0.346500 0.744016 0.346750 0.744182 0.347000 0.744182 0.347750 0.744681 0.348500 0.744681 0.348750 0.744847 0.349000 0.744847 0.349500 0.745013 0.349750 0.745013 0.350750 0.745180 0.351000 0.745180 0.352000 0.745346 0.352250 0.745346 0.353500 0.745512 0.353750 0.745512 0.354750 0.745678 0.355000 0.745678 0.355750 0.745844 0.356000 0.745844 0.357000 0.746011 0.357250 0.746011 0.358750 0.746177 0.359000 0.746177 0.359500 0.746343 0.359750 0.746343 0.360500 0.746676 0.361000 0.746676 0.361500 0.746842 0.361750 0.747008 0.362500 0.747340 0.363000 0.747340 0.363250 0.748338 0.363250 0.748504 0.363000 0.748670 0.363000 0.748670 0.362250 0.748836 0.362000 0.748836 0.361250 0.748670 0.361000 0.748670 0.360000 0.748836 0.359750 0.748836 0.358500 0.748670 0.358250 0.748670 0.357000 0.748504 0.356750 0.748504 0.355250 0.748338 0.355000 0.748338 0.353250 0.748172 0.353000 0.748172 0.351000 0.748338 0.350750 0.748338 0.350500 0.748172 0.350250 0.748172 0.348750 0.748005 0.348500 0.748005 0.347250 0.747839 0.347000 0.747507 0.345750 0.747340 0.345750 0.747174 0.345500 0.747174 0.345250 0.746842 0.345250 0.746676 0.345000 0.745844 0.345000 0.745678 0.345250 0.745180 0.345250 0.745013 0.345000
0 0.525765 0.306500 0.524934 0.306750 0.523604 0.311500 0.522606 0.319000 0.518617 0.328500 0.516290 0.342500 0.516456 0.344000 0.514295 0.353000 0.509142 0.366750 0.508145 0.373750 0.508311 0.381250 0.507314 0.386500 0.506649 0.397500 0.503989 0.412750 0.502660 0.416750 0.501662 0.422500 0.501995 0.424250 0.503491 0.423500 0.503823 0.421250 0.504987 0.420750 0.506150 0.418750 0.508477 0.411000 0.507979 0.409500 0.508644 0.399250 0.509973 0.397000 0.511802 0.384000 0.511802 0.378500 0.512633 0.377250 0.514295 0.370500 0.514295 0.364000 0.516290 0.356500 0.519781 0.331250 0.524269 0.317000 0.526097 0.307250
0 0.557846 0.304750 0.556516 0.304750 0.555851 0.305500 0.555020 0.304750 0.553856 0.304750 0.551197 0.312750 0.549202 0.323500 0.547706 0.323750 0.547374 0.323250 0.548537 0.320250 0.548870 0.315500 0.547207 0.315500 0.546875 0.318250 0.545878 0.321250 0.543052 0.327500 0.541057 0.337500 0.541057 0.339500 0.539727 0.347000 0.536569 0.357750 0.536403 0.359500 0.537733 0.359750 0.538730 0.358250 0.540725 0.357500 0.541556 0.355750 0.542055 0.352750 0.543717 0.348000 0.546709 0.342250 0.547706 0.339000 0.549202 0.336500 0.550532 0.331000 0.551197 0.325250 0.552859 0.320750 0.553191 0.318250 0.554521 0.314500 0.554688 0.313000 0.557347 0.308250 0.558012 0.305500
0 0.509641 0.299750 0.508976 0.299750 0.508311 0.300250 0.507148 0.300500 0.506815 0.301500 0.506981 0.304000 0.507148 0.304250 0.507148 0.306500 0.507314 0.306750 0.507646 0.316000 0.507812 0.316250 0.507812 0.321250 0.507646 0.321500 0.507812 0.322250 0.507812 0.326000 0.507979 0.326250 0.507979 0.328500 0.508145 0.328750 0.508145 0.331000 0.508311 0.331250 0.508311 0.334000 0.508644 0.334750 0.508644 0.335750 0.508145 0.337500 0.508145 0.339500 0.508311 0.340000 0.508810 0.340250 0.509641 0.339750 0.509641 0.337500 0.510140 0.336250 0.510971 0.336250 0.511469 0.335500 0.511469 0.332000 0.511968 0.330000 0.512301 0.329500 0.512301 0.328000 0.512633 0.327500 0.512633 0.321500 0.512301 0.320750 0.512301 0.315000 0.511968 0.314250 0.511968 0.313000 0.511802 0.312750 0.511968 0.312000 0.511636 0.311250 0.511636 0.301000 0.511137 0.300500 0.510472 0.300500
0 0.734043 0.297250 0.734043 0.298000 0.734209 0.298000 0.734541 0.298500 0.735040 0.298750 0.735372 0.299250 0.736037 0.299750 0.736536 0.299750 0.736702 0.300250 0.738531 0.301500 0.739029 0.302250 0.739694 0.302750 0.740027 0.302750 0.740359 0.303250 0.741190 0.303750 0.741523 0.304250 0.741523 0.304500 0.741689 0.304500 0.742852 0.306250 0.744182 0.307250 0.744515 0.307250 0.744847 0.307750 0.745013 0.307750 0.745180 0.308250 0.745678 0.308500 0.747008 0.310500 0.747340 0.310750 0.748504 0.310750 0.748836 0.310250 0.748670 0.310000 0.748504 0.309000 0.748172 0.308500 0.747507 0.308000 0.746842 0.307000 0.746343 0.306750 0.745678 0.305750 0.745512 0.305750 0.744515 0.304500 0.743850 0.304000 0.742520 0.302000 0.742188 0.301000 0.742354 0.300750 0.742354 0.300000 0.741855 0.299250 0.741855 0.298500 0.740525 0.297000 0.740193 0.297000 0.738863 0.296000 0.738364 0.296000 0.737866 0.295500 0.734874 0.295500 0.734707 0.295750 0.734874 0.296750 0.734541 0.297250
0 0.636137 0.280000 0.634973 0.280000 0.634973 0.281250 0.634641 0.282000 0.634641 0.283000 0.634309 0.283500 0.634309 0.284000 0.633311 0.286250 0.633311 0.287000 0.632314 0.288750 0.631981 0.289750 0.631981 0.290250 0.631649 0.290750 0.631649 0.292250 0.631483 0.292500 0.631316 0.294250 0.630984 0.295250 0.630818 0.297000 0.630485 0.297750 0.630319 0.299000 0.629987 0.299750 0.629987 0.300500 0.629488 0.301750 0.629488 0.302250 0.628989 0.303750 0.629156 0.304000 0.628989 0.304250 0.628989 0.305500 0.629156 0.305750 0.630153 0.305750 0.630153 0.305250 0.630652 0.304750 0.630984 0.305000 0.631316 0.304750 0.631815 0.303750 0.632314 0.303750 0.632646 0.303250 0.632812 0.303250 0.632812 0.302750 0.633145 0.302500 0.633311 0.302000 0.633644 0.301750 0.634142 0.301750 0.634641 0.300750 0.634973 0.300750 0.636303 0.299250 0.636802 0.299000 0.636802 0.298500 0.636469 0.297750 0.636469 0.284500 0.636137 0.283750
0 0.495180 0.274750 0.494681 0.275250 0.494681 0.275500 0.494847 0.275750 0.494847 0.278000 0.494515 0.278500 0.494515 0.281000 0.494681 0.281250 0.494681 0.281750 0.494847 0.282000 0.494847 0.285000 0.495180 0.285750 0.495180 0.286250 0.495346 0.286500 0.495346 0.287000 0.495512 0.287250 0.495512 0.288250 0.495678 0.288500 0.495678 0.289000 0.495844 0.289250 0.495844 0.289750 0.496011 0.290000 0.496011 0.290750 0.496177 0.291000 0.496177 0.292750 0.496343 0.293000 0.496343 0.294750 0.496509 0.295000 0.496509 0.296000 0.496676 0.296000 0.496842 0.296250 0.498172 0.296250 0.498338 0.296000 0.498338 0.290750 0.498172 0.290500 0.498172 0.289750 0.498005 0.289500 0.498005 0.288500 0.497839 0.288250 0.497839 0.287750 0.497673 0.287500 0.497673 0.285250 0.497507 0.285000 0.497507 0.284500 0.497340 0.284250 0.497340 0.280000 0.497174 0.279750 0.497174 0.279250 0.497008 0.279000 0.497008 0.277250 0.496842 0.277000 0.496842 0.276500 0.496676 0.276250 0.496676 0.275250 0.496509 0.275000 0.496177 0.275000 0.496011 0.274750
0 0.511802 0.247750 0.511469 0.248250 0.511469 0.248750 0.511636 0.249000 0.511636 0.249750 0.511802 0.250000 0.511802 0.250250 0.511968 0.250500 0.511968 0.251000 0.512134 0.251250 0.512134 0.251750 0.512301 0.252000 0.512301 0.252750 0.512467 0.253000 0.512467 0.253500 0.512633 0.253750 0.512633 0.255000 0.512799 0.255250 0.512799 0.256000 0.512965 0.256250 0.513132 0.256250 0.513298 0.256500 0.513298 0.257250 0.513464 0.257500 0.513630 0.257500 0.513797 0.257750 0.514794 0.257750 0.515126 0.257250 0.515126 0.255500 0.514960 0.255250 0.514960 0.254500 0.514794 0.254250 0.514794 0.253250 0.514628 0.253000 0.514628 0.252750 0.514461 0.252500 0.514461 0.251750 0.514295 0.251500 0.514295 0.251250 0.514129 0.251000 0.514129 0.249750 0.513963 0.249500 0.513963 0.249250 0.513797 0.249000 0.513797 0.248750 0.513630 0.248500 0.513630 0.248250 0.513464 0.248000 0.513298 0.248000 0.513132 0.247750 0.512467 0.247750 0.512301 0.247500 0.512134 0.247750
0 0.498504 0.240000 0.498338 0.241000 0.497673 0.241750 0.497839 0.243750 0.497673 0.245750 0.497839 0.247250 0.498172 0.248000 0.498670 0.254500 0.498836 0.255000 0.500000 0.255500 0.500000 0.256000 0.500332 0.256500 0.500332 0.257500 0.501496 0.260250 0.503158 0.266500 0.503657 0.270250 0.503823 0.274500 0.504322 0.276750 0.504488 0.284000 0.505153 0.284250 0.505485 0.284750 0.505485 0.286250 0.505818 0.287000 0.506981 0.287250 0.507314 0.287000 0.507314 0.282750 0.507646 0.282000 0.507314 0.273250 0.506316 0.268000 0.506316 0.266250 0.505984 0.265250 0.505984 0.262750 0.505652 0.262000 0.505652 0.260500 0.505319 0.259750 0.505319 0.259000 0.505652 0.258500 0.505319 0.257250 0.505319 0.255750 0.503657 0.251250 0.502660 0.250000 0.502660 0.249500 0.501995 0.248000 0.501995 0.247250 0.501330 0.246250 0.500332 0.242500 0.500166 0.240750 0.499668 0.240000